{"name":"t:sections.header.name","type":"header","sections":{"announcement-bar":{"type":"announcement-bar","blocks":{"15fef4b8-67df-40b3-8802-d54940fe4fc9":{"type":"announcement","settings":{"text":"Our unique products are crafted to care for men's skin and make their grooming routine even better.","link":""}}},"block_order":["15fef4b8-67df-40b3-8802-d54940fe4fc9"],"custom_css":["p {font-family: \"HelveticaNowDisplay-Regular\";}"],"settings":{"color_scheme":"background-1"}},"header":{"type":"header","custom_css":["ul {font-family: \"Helvetica Now Display Light\";}",".header--middle-left {margin-left: 2vw; margin-right: 2vw;}",".header {min-width: 96vw; display: grid; grid-template-columns: 1fr 3fr 1fr; padding: 3px 3rem;}",".header-wrapper {border-top: 1px solid black; border-bottom: 1px solid black;}",".header__inline-menu {text-align: center;}",".menu-drawer__navigation-container {}","@media (max-width: 768px) {.header {grid-template-columns: 1fr 3fr 1fr; } .predictive-search__image {width: 50px; } .predictive-search__results-groups-wrapper {padding-top: 20px; }}"],"settings":{"logo_position":"middle-left","menu":"main-menu","menu_type_desktop":"dropdown","sticky_header_type":"on-scroll-up","show_line_separator":false,"color_scheme":"accent-1","menu_color_scheme":"background-1","enable_country_selector":false,"enable_language_selector":false,"mobile_logo_position":"center","margin_bottom":0,"padding_top":20,"padding_bottom":20}}},"order":["announcement-bar","header"]}