{"sections":{"main":{"type":"main-article","blocks":{"featured_image":{"type":"featured_image","settings":{"image_height":"medium"}},"title":{"type":"title","settings":{"blog_show_date":true,"blog_show_author":true}},"share":{"type":"share","settings":{"share_label":"Share"}},"content":{"type":"content","settings":{}}},"block_order":["featured_image","title","share","content"],"settings":{}},"d9b3f165-e64e-4bc0-9bc6-64b848469b6a":{"type":"featured-blog","settings":{"heading":"Related Posts","heading_size":"h2","blog":"news","post_limit":4,"columns_desktop":4,"color_scheme":"","show_image":true,"show_date":true,"show_author":true,"show_view_all":true,"padding_top":36,"padding_bottom":36}}},"order":["main","d9b3f165-e64e-4bc0-9bc6-64b848469b6a"]}