{"sections":{"banner":{"type":"main-collection-banner","disabled":true,"settings":{"show_collection_description":true,"show_collection_image":false,"color_scheme":"background-1"}},"product-grid":{"type":"main-collection-product-grid","disabled":true,"custom_css":["@media (max-width: 480px) {h2 {text-align: center; font-size: 20px; }}","[type=\"button\"]:not(:disabled),[type=\"reset\"]:not(:disabled),[type=\"submit\"]:not(:disabled),button:not(:disabled) {cursor: pointer; background-color: #d5d5be; color: black;}"],"settings":{"products_per_page":16,"columns_desktop":4,"color_scheme":"background-1","image_ratio":"square","image_shape":"default","show_secondary_image":true,"show_vendor":false,"show_rating":false,"enable_quick_add":false,"enable_filtering":true,"filter_type":"horizontal","enable_sorting":true,"columns_mobile":"2","padding_top":36,"padding_bottom":36}},"custom_collection_tabs_kRpX39":{"type":"CUSTOM-collection-tabs","settings":{}}},"order":["banner","product-grid","custom_collection_tabs_kRpX39"]}