{"sections":{"banner":{"type":"main-collection-banner","disabled":true,"settings":{"show_collection_description":true,"show_collection_image":false,"color_scheme":"background-1"}},"5b30f477-5ad2-4a04-a951-ff6f67da6633":{"type":"image-banner","disabled":true,"settings":{"image":"shopify:\/\/shop_images\/About_Us_5.webp","image_overlay_opacity":0,"image_height":"adapt","desktop_content_position":"middle-center","show_text_box":true,"desktop_content_alignment":"center","color_scheme":"","image_behavior":"none","mobile_content_alignment":"center","stack_images_on_mobile":true,"show_text_below":true}},"product-grid":{"type":"main-collection-product-grid","disabled":true,"custom_css":["@media (max-width: 480px) {h2 {text-align: center; font-size: 20px; }}","[type=\"button\"]:not(:disabled),[type=\"reset\"]:not(:disabled),[type=\"submit\"]:not(:disabled),button:not(:disabled) {cursor: pointer; background-color: #d5d5be; color: black;}"],"settings":{"products_per_page":16,"columns_desktop":4,"color_scheme":"background-1","image_ratio":"square","image_shape":"default","show_secondary_image":true,"show_vendor":false,"show_rating":false,"enable_quick_add":false,"enable_filtering":true,"filter_type":"horizontal","enable_sorting":true,"columns_mobile":"2","padding_top":36,"padding_bottom":36}},"58c146d5-aa00-4ea8-9550-613adbfece97":{"type":"featured-collection","disabled":true,"custom_css":[],"settings":{"title":"","heading_size":"h1","description":"","show_description":false,"description_style":"body","collection":"shop-all","products_to_show":4,"columns_desktop":4,"full_width":false,"show_view_all":true,"view_all_style":"solid","enable_desktop_slider":false,"color_scheme":"","image_ratio":"square","image_shape":"default","show_secondary_image":true,"show_vendor":false,"show_rating":false,"enable_quick_add":false,"columns_mobile":"1","swipe_on_mobile":false,"padding_top":36,"padding_bottom":36}},"custom_collection_tabs_4ghTmt":{"type":"CUSTOM-collection-tabs","settings":{}}},"order":["banner","5b30f477-5ad2-4a04-a951-ff6f67da6633","product-grid","58c146d5-aa00-4ea8-9550-613adbfece97","custom_collection_tabs_4ghTmt"]}