{"sections":{"custom_category_section_y4tDMg":{"type":"CUSTOM-category-section","blocks":{"column_wYGbcz":{"type":"column","settings":{"targetURL":"https:\/\/totalroutine.co\/products\/mens-hair-vitalizer","categoryTitle":"Hair Serum","image":"shopify:\/\/shop_images\/1_99a8ce14-3b38-4392-94e5-88d79b5f7199.webp"}},"column_KzxUF3":{"type":"column","settings":{"targetURL":"https:\/\/totalroutine.co\/products\/hydrating-face-moisturiser","categoryTitle":"AM Cream","image":"shopify:\/\/shop_images\/2_7e1d572c-0244-4087-a7c1-4d38f4f93830.webp"}},"column_eib9TV":{"type":"column","settings":{"targetURL":"https:\/\/totalroutine.co\/products\/night-repair-face-gel","categoryTitle":"PM Cream","image":"shopify:\/\/shop_images\/3_6abfacc6-faeb-4ba8-a9c0-f60ce578603e.webp"}},"column_A8Cbdz":{"type":"column","settings":{"targetURL":"https:\/\/totalroutine.co\/products\/ultra-defence-brightening-face-serum","categoryTitle":"Face Serum","image":"shopify:\/\/shop_images\/Untitled_design_3.png"}}},"block_order":["column_wYGbcz","column_KzxUF3","column_eib9TV","column_A8Cbdz"],"custom_css":["@media only screen and (min-width: 768px) {.category-story-container {display: none !important; }}"],"settings":{}},"custom_slideshow_banner_tVpFXF":{"type":"CUSTOM-slideshow-banner","blocks":{"column_GFdVLb":{"type":"column","settings":{"desktop_pictrue":"shopify:\/\/shop_images\/2_94937c61-4ea8-44ad-98ea-5703a61a48cf.webp","mobile_pictrue":"shopify:\/\/shop_images\/2_94937c61-4ea8-44ad-98ea-5703a61a48cf.webp","heading":"Advanced Formulations, <br> Simple Routines.","description":"Elevate your self-care routine with premium products.","targetURL":"https:\/\/totalroutine.co\/collections\/all","buttonText":"Shop NoW"}},"column_PWpgAh":{"type":"column","settings":{"desktop_pictrue":"shopify:\/\/shop_images\/1_1babf883-9651-4981-8d43-88000e674b33.webp","mobile_pictrue":"shopify:\/\/shop_images\/1_1babf883-9651-4981-8d43-88000e674b33.webp","heading":"A bad hair day, <br> Everyday?","description":"Try Hair Pro Hair Growth Vitalizer by Total Routine.","targetURL":"https:\/\/totalroutine.co\/collections\/all","buttonText":"Shop Now"}}},"block_order":["column_GFdVLb","column_PWpgAh"],"settings":{}},"custom_title_para_J3MfVK":{"type":"CUSTOM-title-para","custom_css":["{border: none;}",".title-para-container {background-color: #f4f4f4;}","@media (max-width: 600px) {.title-para-wrapper {width: 90%; }}"],"settings":{"title":"India’s First Routine-based <br> Brand for Women & Men","description":"Explore Routines →"}},"custom_routine_showcase_YyhM6f":{"type":"CUSTOM-routine-showcase","blocks":{"column_RF3HgA":{"type":"column","settings":{"routineImage":"shopify:\/\/shop_images\/aiforgood_A_high_quality_real_life_picture_of_a_Indian_Guy_ap_172f40a3-04f5-4ae7-a139-09387766cb64_3.webp","routineName":"Face","routineDescription":"Face the facts: Many men overlook skincare. We're here to revolutionize that. When you look good, you feel great. It's that straightforward","targetURL":"https:\/\/totalroutine.co\/collections\/face-care-routine","buttonText":"Shop Face Routine"}},"column_T9UNK6":{"type":"column","settings":{"routineImage":"shopify:\/\/shop_images\/aiforgood_A_high_quality_real_life_picture_of_a_Indian_Guy_ap_19837b89-4c90-4e3f-b49d-bfd363e74ee7_2.webp","routineName":"Hair","routineDescription":"Transform your grooming with our Haircare Routine, designed for your hair's specific needs. Created with expert guidance, our regimen caters to all hair types.","targetURL":"https:\/\/totalroutine.co\/collections\/hair-care-routine","buttonText":"Shop Hair Routine"}},"column_HNEm63":{"type":"column","settings":{"routineImage":"shopify:\/\/shop_images\/Untitled_design.jpg","routineName":"Beard","routineDescription":"Cultivate a healthy but distinguished look with a routine developed to enhance the health and style of your facial hair.","targetURL":"","buttonText":"coming Soon"}},"column_BjmNNL":{"type":"column","settings":{"routineImage":"shopify:\/\/shop_images\/Untitled_design_4.png","routineName":"Oral Hygiene","routineDescription":"An extra boost to your confidence with our Oral Hygiene Routine, curated in collaboration with dental experts for a healthy grin.","targetURL":"https:\/\/totalroutine.co\/products\/ultra-defence-brightening-face-serum","buttonText":"COMING SOON"}}},"block_order":["column_RF3HgA","column_T9UNK6","column_HNEm63","column_BjmNNL"],"settings":{}},"custom_title_para_VY7D4e":{"type":"CUSTOM-title-para","custom_css":[".title-para-container {background-color: #19275f;}",".title-para-container h2 {color: white;}",".title-para-container p {color: white;}","@media (min-width: 1024px) {.title-para-container h2 {width: 70% !important; }}"],"settings":{"title":"We are creating India’s most well-researched skincare and wellness regimen for Women & men.","description":"Why choose Total Routine"}},"custom_feature_section_PJkbkJ":{"type":"CUSTOM-feature-section","blocks":{"column_UC9xkV":{"type":"column","settings":{"featureTitle":"Suited <br>for All","featureDesc":"Inclusive formulations suitable for all skin types. Addresses diverse needs and concerns."}},"column_zHQDGW":{"type":"column","settings":{"featureTitle":"Science <br>Backed","featureDesc":"Harsh-free blends that are scientifically proven to show results with consistent use, ensuring both efficacy and safety."}},"column_zaphqk":{"type":"column","settings":{"featureTitle":"Routine <br>Based","featureDesc":"Preferred structural skincare for optimal results. Balance of cleansing, nourishing, and protective steps for a comprehensive routine."}},"column_TiMt99":{"type":"column","settings":{"featureTitle":"Concern<br>Focused","featureDesc":"Targeted solutions to address specific concerns considering various skin types and conditions. without compromising on overall well-being."}}},"block_order":["column_UC9xkV","column_zHQDGW","column_zaphqk","column_TiMt99"],"custom_css":[".feature-container {background-color: #19275f; padding-bottom: 5%;}",".feature-wrapper {border-color: white; border-bottom: 1px white solid;}",".feature {border-color: white;}",".feature h5 {color: white;}",".feature p {color: white;}",".feature-wrapper .feature:last-of-type {border-right: none;}","@media (min-width: 1024px) {.feature-wrapper {border-top: 1px solid white !important; }}"],"settings":{}},"custom_title_para_mWgedr":{"type":"CUSTOM-title-para","custom_css":[".title-para-container {background-color: white;}",".title-para-wrapper p {width: 60%;}","@media (max-width: 800px) {.title-para-wrapper p {width: 100%; }}"],"settings":{"title":"Meet the internet's<br> favorite skincare.","description":"Shop Bundles and save upto 30%"}},"custom_product_showcase_DEbUUh":{"type":"CUSTOM-Product-Showcase","blocks":{"column_crdAXb":{"type":"column","settings":{"productName":"Hair Serum","product_pictrue":"shopify:\/\/shop_images\/4_c61a9658-03ad-456c-9548-5e5030cb70a7.webp","productRating":"4.8","productFullName":"Hair Pro Advanced Men's Vitalizer","compareAtPrice":"₹699","sellingPrice":"₹1,299","description":"Presenting Total Routine's Hair Growth Serum. A combination of cutting-edge actives and very potent natural ingredients designed to strengthen and nourish your hair from the scalp.","ingredient1":"Redensyl","benefit1":"Promotes hair growth & revives dormant follicles.","ingredient2":"DTH","benefit2":"Prevents hair loss & ensures hair remains healthy.","ingredient3":"Arnica & Amla","benefit3":"Provides antioxidants & reduces scalp irritation","targetURL":"https:\/\/totalroutine.co\/products\/mens-hair-vitalizer","variantID":"47761402560824"}},"column_fKW4mF":{"type":"column","settings":{"productName":"Face Serum","product_pictrue":"shopify:\/\/shop_images\/Untitled_design_3.png","productRating":"4.8","productFullName":"Ultra Defence Brightening Face Serum","compareAtPrice":"₹599","sellingPrice":"₹699","description":"A natural Ceramide Face Serum to help restore the brightness of your skin. This potent serum re-energizes your skin while simultaneously fighting dryness and irritation.","ingredient1":"Hyaluronic Acid","benefit1":"Retains moisture, reduces lines, firms skin.","ingredient2":"Green Tea Extracts","benefit2":"Soothe, heal, antioxidize damaged skin.","ingredient3":"Glycolic Lactic Acid","benefit3":"Boost collagen, exfoliate, anti-aging.","targetURL":"https:\/\/totalroutine.co\/products\/ultra-defence-brightening-face-serum","variantID":"48025716261176"}},"column_FbTULU":{"type":"column","settings":{"productName":"AM Cream","product_pictrue":"shopify:\/\/shop_images\/3_bb9d3270-9b1d-472d-9af6-c425ecacdb35.webp","productRating":"4.8","productFullName":"Hydrating Gel Moisturizer with SPF20","compareAtPrice":"₹499","sellingPrice":"₹599","description":"The Total Routine's Hydrating Gel Moisturizer is a lightweight, long-lasting product infused with hydrating ingredients like aloe vera, niacinamide, and hyaluronic acid.","ingredient1":"Niacinamide","benefit1":"Moisturizes, soothes, adds radiant glow.","ingredient2":"Hyaluronic Acid","benefit2":"Moisturize, protect, impart glow.","ingredient3":"Aloe Vera & Mulethi","benefit3":"Retains collagen, reduces wrinkles.","targetURL":"https:\/\/totalroutine.co\/products\/hydrating-face-moisturiser","variantID":"47465414558008"}},"column_hLfdaC":{"type":"column","settings":{"productName":"PM Cream","product_pictrue":"shopify:\/\/shop_images\/2_47480691-7280-49f3-a4e2-c1a845979ee7.webp","productRating":"4.8","productFullName":"Multi-Active Night Repair Face Gel","compareAtPrice":"₹499","sellingPrice":"₹699","description":"Total Routine’s Multi-Active Night Repair Face Gel Refresh and restores the skin overnight to reverse the damaging effects of stress and exhaustion.","ingredient1":"Hyaluronic Acid","benefit1":"Retains moisture, reduces lines, firms skin.","ingredient2":"Green Tea Extracts","benefit2":"Soothe, heal, antioxidize damaged skin.","ingredient3":"Glycolic Lactic Acid","benefit3":"Boost collagen, exfoliate, anti-aging.","targetURL":"https:\/\/totalroutine.co\/products\/night-repair-face-gel","variantID":"47465412788536"}}},"block_order":["column_crdAXb","column_fKW4mF","column_FbTULU","column_hLfdaC"],"custom_css":[".product-showcase-container {padding-top: 0; background-color: white;}",".ingredients {display: none;}"],"settings":{}},"custom_feature_section_wxFQNg":{"type":"CUSTOM-feature-section","blocks":{"column_iXRiAN":{"type":"column","settings":{"featureTitle":"Cruelty Free <br>& Vegan","featureDesc":"We blend in as a cruelty-free & vegan-friendly brand, ensuring compassion in every grooming step."}},"column_ymYa8m":{"type":"column","settings":{"featureTitle":"Finest <br>Ingredients","featureDesc":"Our products are crafted with all natural, high quality ingredients. ensuring a premium touch with every use."}},"column_nJEFTf":{"type":"column","settings":{"featureTitle":"Formulated <br>by Experts","featureDesc":"Our products reflect a commitment to expertise, ensuring you receive the best care for all your unique skin needs."}},"column_QMafbj":{"type":"column","settings":{"featureTitle":"Focused<br>on Efficacy","featureDesc":"We are focused on providing purposeful, routine based, skincare solutions that deliver tangible results for a holistic you."}}},"block_order":["column_iXRiAN","column_ymYa8m","column_nJEFTf","column_QMafbj"],"custom_css":[".feature-container {border-top: 1px solid black;}",".feature-wrapper {border-top: none;}","h5 {font-size: 20px;}",".feature-wrapper .feature:last-of-type {border-right: none;}"],"settings":{}},"custom_title_para_4PqKhN":{"type":"CUSTOM-title-para","custom_css":[".title-para-container {background-color: #f5f4eb;}",".title-para-container h2 {font-size: 3vw; text-align: center;}","@media (max-width: 700px) {.title-para-container h2 {font-size: 7vw; }}"],"settings":{"title":"Advanced Formulations. Simple Routines.","description":""}},"ss_shoppable_video_gmtMEN":{"type":"ss-shoppable-video","blocks":{"item_zecRBa":{"type":"item","settings":{"video":"shopify:\/\/files\/videos\/reel 3.mp4","video_url":"","product":"mens-hair-vitalizer","use_variants":true,"modal_heading":"","modal_text":""}},"item_XVUAj9":{"type":"item","settings":{"video":"shopify:\/\/files\/videos\/reel 4.mp4","video_url":"","product":"mens-hair-vitalizer","use_variants":true,"modal_heading":"","modal_text":""}},"item_ypVYAx":{"type":"item","settings":{"video":"shopify:\/\/files\/videos\/reel 2.mp4","video_url":"","product":"night-repair-face-gel","use_variants":true,"modal_heading":"","modal_text":""}},"item_Rc6WQ8":{"type":"item","settings":{"video":"shopify:\/\/files\/videos\/reel 1_d695c824-858c-4019-bf33-107a38c2b669.mp4","video_url":"","product":"mens-hair-vitalizer","use_variants":true,"modal_heading":"","modal_text":""}}},"block_order":["item_zecRBa","item_XVUAj9","item_ypVYAx","item_Rc6WQ8"],"custom_css":[".video-top-template--22171677917496__ss_shoppable_video_gmtMEN {animation: none !important;}"],"settings":{"heading":"","heading_custom":false,"heading_font":"josefin_sans_n4","heading_size":0,"heading_size_mobile":0,"heading_height":50,"heading_align":"center","heading_align_mobile":"center","slider_view":4,"slider_view_mobile":1.2,"slider_gap":16,"slider_gap_mobile":16,"slider_mt":20,"card_radius":10,"card_border_thickness":0,"card_shadow":true,"video_ratio":"portrait","video_ratio_mobile":"portrait","video_overlay":0.3,"image_width":44,"image_width_mobile":44,"image_radius":6,"image_border_thickness":0,"title_custom":false,"title_font":"josefin_sans_n4","title_size":14,"title_size_mobile":14,"title_height":130,"title_uppercase":false,"price_custom":false,"price_font":"josefin_sans_n4","price_size":14,"price_size_mobile":14,"price_height":130,"button":"Add To Cart","button_soldout":"Sold Out","button_custom":false,"button_font":"josefin_sans_n4","button_size":16,"button_size_mobile":16,"reload_after_adding":true,"option_custom":false,"option_font":"josefin_sans_n4","option_size":12,"option_size_mobile":12,"option_height":100,"option_mt":24,"variants_price_custom":true,"variants_price_font":"josefin_sans_n4","variants_price_size":14,"variants_price_size_mobile":14,"variants_price_height":100,"variants_price_mt":10,"variants_price_align":"center","variants_price_align_mobile":"center","modal_width":740,"modal_width_mobile":100,"modal_radius":16,"modal_border_thickness":0,"modal_overlay":50,"close_size":42,"close_size_mobile":42,"close_radius":8,"close_border_thickness":0,"buttons_size":48,"buttons_size_mobile":48,"buttons_radius":8,"buttons_border_thickness":0,"modal_video_radius":0,"modal_video_border_thickness":0,"modal_video_ratio":"portrait","modal_video_ratio_mobile":"portrait","modal_heading_custom":false,"modal_heading_font":"josefin_sans_n4","modal_heading_size":28,"modal_heading_size_mobile":28,"modal_heading_height":130,"modal_heading_align":"center","modal_heading_align_mobile":"center","modal_text_custom":false,"modal_text_font":"josefin_sans_n4","modal_text_size":16,"modal_text_size_mobile":16,"modal_text_height":130,"modal_text_align":"center","modal_text_align_mobile":"center","modal_text_mt":16,"use_modal_product":true,"modal_image_width":70,"modal_image_width_mobile":66,"modal_image_radius":12,"modal_title_custom":false,"modal_title_font":"josefin_sans_n4","modal_title_size":16,"modal_title_size_mobile":16,"modal_title_height":130,"modal_title_uppercase":false,"modal_price_custom":false,"modal_price_font":"josefin_sans_n4","modal_price_size":14,"modal_price_size_mobile":14,"modal_price_height":130,"modal_button":"Add To Cart","modal_button_soldout":"Sold Out","modal_button_custom":false,"modal_button_font":"josefin_sans_n4","modal_button_size":16,"modal_button_size_mobile":16,"modal_button_radius":8,"modal_button_border_thickness":1,"modal_button_mt":16,"modal_button_align":"center","modal_button_align_mobile":"center","card_bg_color":"#f5f4eb","card_border_color":"#000000","card_shadow_color":"#000000","video_border_color":"#000000","video_overlay_color":"#000000","image_border_color":"#000000","title_color":"#ffffff","price_color":"#ffffff","button_color":"#ffffff","button_hover_color":"#ffffff","button_bg_color":"#000000","button_bg_hover_color":"#000000","arrow_bg_color":"#000000","arrow_border_color":"#ffffff","arrow_icon_color":"#ffffff","option_color":"#000000","variants_price_color":"#000000","modal_bg_color":"#ffffff","modal_border_color":"#000000","close_bg_color":"#ffffff","close_border_color":"#000000","close_icon_color":"#ffffff","buttons_bg_color":"#ffffff","buttons_border_color":"#000000","buttons_icon_color":"#ffffff","modal_video_border_color":"#000000","modal_content_bg_color":"#ffffff","modal_heading_color":"#000000","modal_text_color":"#000000","modal_title_color":"#000000","modal_price_color":"#000000","modal_button_color":"#ffffff","modal_button_hover_color":"#000000","modal_button_bg_color":"#000000","modal_button_bg_hover_color":"#ffffff","modal_button_border_color":"#000000","modal_button_border_hover_color":"#000000","heading_color":"#000000","background_color":"#f5f4eb","background_gradient":"","border_color":"#000000","margin_top":0,"margin_bottom":0,"padding_top":0,"padding_bottom":36,"padding_horizontal":5,"padding_horizontal_mobile":1.5,"full_width":true,"content_width":120,"border_thickness":0,"lazy":true}},"custom_title_para_3EKcWn":{"type":"CUSTOM-title-para","custom_css":[".title-para-container {background-color: #f4f1e8;}",".title-para-wrapper {padding-bottom: 0;}"],"settings":{"title":"1000+ Happy Customers","description":""}},"custom_testimonial_swiper_6wAEUy":{"type":"CUSTOM-testimonial-swiper","blocks":{"column_K9fRmn":{"type":"column","settings":{"imageURL":"shopify:\/\/shop_images\/9_b13af55f-7b4b-40fa-8a24-f2304dd438d5.webp","review":"Exceptional Results within 2 weeks of usage"}},"column_jqbMab":{"type":"column","settings":{"imageURL":"shopify:\/\/shop_images\/tr-testimonal-person-1.webp","review":"Finallly Someone catering to Men’s Routine"}},"column_7PVcEW":{"type":"column","settings":{"imageURL":"shopify:\/\/shop_images\/11_a9877e7f-f042-4550-b1f0-c50429d6bf17.webp","review":"Never thought routines could be so important"}},"column_J9kfnW":{"type":"column","settings":{"imageURL":"shopify:\/\/shop_images\/10_0992eb93-6563-47a3-bde6-ee91524c1073.webp","review":"Love the packaging  & branding"}},"column_R3rPpK":{"type":"column","settings":{"imageURL":"shopify:\/\/shop_images\/8_58329d66-2e6e-45ec-8142-69d5bb845a9d.webp","review":"Game-changer in men’s skincare"}},"column_EREm4i":{"type":"column","settings":{"imageURL":"shopify:\/\/shop_images\/5_c68d0ae5-00f0-4509-b113-fbe3b80aded1.webp","review":"Products that do more than they say"}},"column_TcjkUn":{"type":"column","settings":{"imageURL":"shopify:\/\/shop_images\/6_fcb0eb58-b3a6-4a46-b0e0-ab1d875411ac.webp","review":"From skeptics to believers in record time"}},"column_FaVULL":{"type":"column","settings":{"imageURL":"shopify:\/\/shop_images\/3_40933041-1e2e-4da8-bd76-d09733e84bfd.webp","review":"Men’s skincare routines redefined"}},"column_NcL79B":{"type":"column","settings":{"imageURL":"shopify:\/\/shop_images\/7_f719cfec-94ee-4175-9905-2c98d494d749.webp","review":"Quality products, simple routines for men"}}},"block_order":["column_K9fRmn","column_jqbMab","column_7PVcEW","column_J9kfnW","column_R3rPpK","column_EREm4i","column_TcjkUn","column_FaVULL","column_NcL79B"],"custom_css":[".testimonial-container {background-color: #f4f1e8;}",".single-testimonial {padding: 10% 15% 10% 0%; border: none;}",".single-testimonial p {padding-top: 1%;}",".testomonial-wrapper {border: none;}"],"settings":{}},"22b8311d-9f5c-4204-a0ef-e3e9a229080e":{"type":"CUSTOM-Marquee-Text","blocks":{"f2da6e62-a834-4550-bd10-96973dbf2e72":{"type":"item","settings":{"text":"Science Backed"}},"0d627b23-9ce6-4369-8704-1e989c69f47e":{"type":"item","settings":{"text":"Expert Formulation"}},"e27e824f-c93c-476d-98f8-e559350ab7a5":{"type":"item","settings":{"text":"Vegan & Cruelty Free"}},"c2587181-0bd9-412b-b5d2-1b5428b1610a":{"type":"item","settings":{"text":"No Harmful Chemicals"}}},"block_order":["f2da6e62-a834-4550-bd10-96973dbf2e72","0d627b23-9ce6-4369-8704-1e989c69f47e","e27e824f-c93c-476d-98f8-e559350ab7a5","c2587181-0bd9-412b-b5d2-1b5428b1610a"],"settings":{"bg_color":"#000000","color":"#ffffff","text_size":"text-lg","text_weight":"fw-bold","text_transform":"","list_label":"Promotional Features","animation_duration":13,"marquee_direction":"left","gap":20,"pt":0,"pb":0,"mt":0,"mb":0}},"custom_blogs_showcase_NEtQ4E":{"type":"CUSTOM-blogs-showcase","blocks":{"column_FkGkCa":{"type":"column","settings":{"blogImage":"shopify:\/\/shop_images\/TR_Mob_Web_-_Homepage_1.webp","blogTitle":"We are a certified Plastic neutral brand","blogDescription":"We are excited to partner with disposal company for reducing our impact on our beautiful planet.","datePosted":"MARCH 2024"}},"column_wjkCQp":{"type":"column","settings":{"blogImage":"shopify:\/\/shop_images\/TR_Mob_Web_-_Homepage_1.webp","blogTitle":"We are a certified Plastic neutral brand","blogDescription":"We are excited to partner with disposal company for reducing our impact on our beautiful planet.","datePosted":"MARCH 2024"}},"column_jgkXV7":{"type":"column","settings":{"blogImage":"shopify:\/\/shop_images\/TR_Mob_Web_-_Homepage_1.webp","blogTitle":"We are a certified Plastic neutral brand","blogDescription":"We are excited to partner with disposal company for reducing our impact on our beautiful planet.","datePosted":"MARCH 2024"}},"column_MVNxNT":{"type":"column","settings":{"blogImage":"shopify:\/\/shop_images\/TR_Mob_Web_-_Homepage_1.webp","blogTitle":"We are a certified Plastic neutral brand","blogDescription":"We are excited to partner with disposal company for reducing our impact on our beautiful planet.","datePosted":"MARCH 2024"}}},"block_order":["column_FkGkCa","column_wjkCQp","column_jgkXV7","column_MVNxNT"],"disabled":true,"settings":{"carouselTitle":"Real Impact. <br> Real Results."}},"custom_image_showcase_iVMr7k":{"type":"CUSTOM-image-showcase","blocks":{"column_EUCQgF":{"type":"column","settings":{"image":"shopify:\/\/shop_images\/Business_Standard_Logo_Bw.webp"}},"column_39xA7d":{"type":"column","settings":{"image":"shopify:\/\/shop_images\/lokmat_times_logo_BW.webp"}},"column_JKEkgj":{"type":"column","settings":{"image":"shopify:\/\/shop_images\/First_India_Logo_BW.webp"}},"column_xwb6bE":{"type":"column","settings":{"image":"shopify:\/\/shop_images\/Daily_Hunt_Logo_BW_1.png"}},"column_63h6pa":{"type":"column","settings":{"image":"shopify:\/\/shop_images\/Google_News_BW.webp"}}},"block_order":["column_EUCQgF","column_39xA7d","column_JKEkgj","column_xwb6bE","column_63h6pa"],"custom_css":[".image-showcase-container {background-color: #f4f4f4;}",".image-showcase-container h2 {padding-top: 0; margin-top: 0;}",".image-showcase-container {padding: 3% 0;}"],"settings":{"heading":"As Seen On"}},"rich_text_kQhrrh":{"type":"rich-text","blocks":{"heading_pCrkPG":{"type":"heading","settings":{"heading":"<strong>Get 30 % off your first order.<\/strong>","heading_size":"h0"}},"text_9TBcQf":{"type":"text","settings":{"text":"<p>Subscribe for monthly nourishment of insights and tips on natural well-being.<\/p>"}}},"block_order":["heading_pCrkPG","text_9TBcQf"],"custom_css":["* {text-align: center;}",".rich-text__blocks {line-height: 1.2; font-size: 13px;}","h2 {color: white; font-family: \"HelveticaNowDisplay-Bold\" !important; margin-bottom: -20px;}","p {width: 50%; margin: auto; padding-bottom: 10px; padding-top: 5px;}","@media (max-width: 700px) {h2 {font-size: 10vw !important; } p {width: 70%; margin: auto; font-size: 10px; } .rich-text__blocks {line-height: 1.2; font-size: 13px; }}"],"settings":{"desktop_content_position":"center","content_alignment":"center","color_scheme":"accent-2","full_width":true,"padding_top":40,"padding_bottom":0}},"newsletter_kg6qL8":{"type":"newsletter","blocks":{"email_form_TiCAhf":{"type":"email_form","settings":{}}},"block_order":["email_form_TiCAhf"],"settings":{"color_scheme":"accent-2","full_width":true,"padding_top":20,"padding_bottom":48}},"custom_liquid_Rtx34f":{"type":"custom-liquid","settings":{"custom_liquid":"{% style %}\n.newsletter-form__field-wrapper label.field__label {\n    color: white;\nfont-family : 'HelveticaNowDisplay-Bold' !important;\n}\n\ntextarea:focus, input:focus {\n    color: white;\n}\n\ninput, select, textarea{\n    color: white;\n}\n\ninput[type=\"email\"], textarea {\n\nborder-radius : 15px;\ncolor : white;\nbackground-color : #19275F; \nborder : 1px solid white;\n\n}\n.newsletter__wrapper .newsletter-form__field-wrapper {\n    max-width: 60rem;\n}\n\n.newsletter-form__button {\n  position: absolute;\n  background-color : #C1FF72!important;\ncolor : black;\nfont-family : 'HelveticaNowDisplay-Bold';\n  width: 120px !important;\n  ;\nborder-radius : 15px;\n}\n.newsletter-form__field-wrapper .field__input {\n  width: 100%;\n  \n  margin: 0 !important;\n}\n.newsletter-form__field-wrapper > .field {\n\n  position: relative;\n  padding-right: 90px;\n}\n.newsletter-form__field-wrapper > .field::after,\n.newsletter-form__field-wrapper > .field::before {\n  display: none !important;\n}\n#Subscribe::before {\n  content: \"Claim Discount\";\n  font-size: 14px;\n}\n#Subscribe svg {\n  display: none;\n}\n.newsletter-form__message {\n    width: 100%;\n    justify-content: center;\n}\n{% endstyle %}","color_scheme":"","padding_top":0,"padding_bottom":0}}},"order":["custom_category_section_y4tDMg","custom_slideshow_banner_tVpFXF","custom_title_para_J3MfVK","custom_routine_showcase_YyhM6f","custom_title_para_VY7D4e","custom_feature_section_PJkbkJ","custom_title_para_mWgedr","custom_product_showcase_DEbUUh","custom_feature_section_wxFQNg","custom_title_para_4PqKhN","ss_shoppable_video_gmtMEN","custom_title_para_3EKcWn","custom_testimonial_swiper_6wAEUy","22b8311d-9f5c-4204-a0ef-e3e9a229080e","custom_blogs_showcase_NEtQ4E","custom_image_showcase_iVMr7k","rich_text_kQhrrh","newsletter_kg6qL8","custom_liquid_Rtx34f"]}