{"sections":{"main":{"type":"main-page","disabled":true,"settings":{"padding_top":28,"padding_bottom":28}},"5b480a41-181c-42a2-a5a9-ef2c4721e1e3":{"type":"rich-text","blocks":{"template--21705592570168__5b480a41-181c-42a2-a5a9-ef2c4721e1e3-heading-1":{"type":"heading","settings":{"heading":"<strong>Unlock Your Best Self<\/strong>","heading_size":"h1"}},"template--21705592570168__5b480a41-181c-42a2-a5a9-ef2c4721e1e3-text-1":{"type":"text","settings":{"text":"<p>A Journey into Exceptional Men's Personal Care.<\/p>"}}},"block_order":["template--21705592570168__5b480a41-181c-42a2-a5a9-ef2c4721e1e3-heading-1","template--21705592570168__5b480a41-181c-42a2-a5a9-ef2c4721e1e3-text-1"],"custom_css":["* {line-height: 1;}","p {font-size: 35px; color: black; width: 70%; margin: auto; margin-top: -10px;}","@media (max-width: 600px) {p {width: 100%; font-size: 20px; }}"],"settings":{"desktop_content_position":"center","content_alignment":"center","color_scheme":"","full_width":true,"padding_top":80,"padding_bottom":0}},"rich_text_BCiaxh":{"type":"rich-text","blocks":{"text_PGnURB":{"type":"text","settings":{"text":"<p>Personal Care ▪ Wellnessn ▪ Nutrition<\/p>"}}},"block_order":["text_PGnURB"],"custom_css":["p {font-size: 20px;}","@media (max-width: 600px) {p {width: 100%; font-size: 15px; }}"],"settings":{"desktop_content_position":"center","content_alignment":"center","color_scheme":"","full_width":true,"padding_top":12,"padding_bottom":80}},"custom_marquee_text_TckW6g":{"type":"CUSTOM-Marquee-Text","blocks":{"item_8P98Lq":{"type":"item","settings":{"text":"Cruelty Free"}},"item_xjkKEq":{"type":"item","settings":{"text":"100% Vegan"}},"item_WTR6mJ":{"type":"item","settings":{"text":"Everyday Use"}},"item_NwjECU":{"type":"item","settings":{"text":"Expert Formulation"}},"item_VBxgre":{"type":"item","settings":{"text":"No Harmful Chemicals"}}},"block_order":["item_8P98Lq","item_xjkKEq","item_WTR6mJ","item_NwjECU","item_VBxgre"],"settings":{"bg_color":"#000000","color":"#fafafa","text_size":"text-sm","text_weight":"fw-bold","text_transform":"","list_label":"Promotional Features","animation_duration":15,"marquee_direction":"left","gap":20,"pt":0,"pb":0,"mt":0,"mb":0}},"custom_title_para_JKDX7h":{"type":"CUSTOM-title-para","custom_css":["* {text-align: center; margin: auto; background-color: #f5f4ea;}","h2 {font-size: 40px; padding-top: 50px;}","p {width: 65%; font-size: 15px; padding-bottom: 50px;}","@media (max-width: 900px) {p {width: 100%; padding-bottom: 0; }}"],"settings":{"title":"Who Are We?","description":"We understand that every man is unique, and so are his grooming needs.Beyond mere inspiration, we aim to lead men towards treating their skin with the utmost quality, encouraging a disciplined skincare routine that prioritises self-care. Our brand’s intention is to provide overall grooming solutions that incorporate a variety of personal care routines in addition to specifically targeted skincare products."}},"custom_3_col_icon_eff4Lr":{"type":"CUSTOM-3-col-icon","blocks":{"column_gpKkti":{"type":"column","settings":{"icon":"shopify:\/\/shop_images\/1_2_e10ecb16-16a0-4385-9eef-e2cb48815a4a.webp","keyFeature":"Science Backed","featureDesc":"Harsh-free blends that are scientifically proven to show results with consistent use, ensuring both efficacy and safety."}},"column_X4xtY7":{"type":"column","settings":{"icon":"shopify:\/\/shop_images\/2_2.webp","keyFeature":"Routine Based","featureDesc":"Preferred structural skincare for optimal results. Balance of cleansing, nourishing, and protective steps for a comprehensive routine."}},"column_UAKVqk":{"type":"column","settings":{"icon":"shopify:\/\/shop_images\/3_2.webp","keyFeature":"Concern-Based","featureDesc":"Targeted solutions to address specific concerns considering various skin types and conditions.without compromising on overall well-being."}}},"block_order":["column_gpKkti","column_X4xtY7","column_UAKVqk"],"settings":{}},"custom_title_para_PycnWf":{"type":"CUSTOM-title-para","custom_css":["* {text-align: center; margin: auto; background-color: #f5f4ea;}","h2 {font-size: 40px; padding-top: 30px;}","p {width: 65%; font-size: 15px; padding-bottom: 30px;}","@media (max-width: 900px) {p {width: 100%; padding-bottom: 0; }}"],"settings":{"title":"Suited for All","description":"Inclusive formulations suitable for all skin types. Addresses diverse needs and concernsNo more intricate routines, only fuss-free, radiant skin."}},"custom_3_col_icon_7YC43T":{"type":"CUSTOM-3-col-icon","blocks":{"column_aiqA3R":{"type":"column","settings":{"icon":"shopify:\/\/shop_images\/1_3.webp","keyFeature":"Targeted Solutions","featureDesc":"Encouraging, educating, and inspiring you to nourish your skin with complete care products, best suited for your skin type."}},"column_J3gDEt":{"type":"column","settings":{"icon":"shopify:\/\/shop_images\/2_3_5edd253e-1ef3-440b-8904-7bfd57cc8326.webp","keyFeature":"Precision Blends","featureDesc":"Tailored and perfected to meet every man's skin care needs."}},"column_Y9yDRy":{"type":"column","settings":{"icon":"shopify:\/\/shop_images\/3_3_e75a4cd2-0d9a-4a45-af3f-dcd46228dec1.webp","keyFeature":"Vital Ingredients","featureDesc":"Each product is a meticulous fusion of vital ingredients, addressing various skin concerns, to help unlock healthy, hydrated and radiant skin."}}},"block_order":["column_aiqA3R","column_J3gDEt","column_Y9yDRy"],"custom_css":[".key-ingredient:last-of-type {border-right: none;}"],"settings":{}},"rich_text_ir3U7g":{"type":"rich-text","blocks":{"heading_JeXHFw":{"type":"heading","settings":{"heading":"<strong>Get 15 % off your first order.<\/strong>","heading_size":"h1"}},"text_3QicfH":{"type":"text","settings":{"text":"<p>Subscribe for monthly nourishment of insights and tips on natural well-being.<\/p>"}}},"block_order":["heading_JeXHFw","text_3QicfH"],"custom_css":["* {text-align: center;}",".rich-text__blocks {line-height: 1.2; font-size: 13px;}","h2 {color: white; font-family: \"HelveticaNowDisplay-Bold\" !important; margin-bottom: -20px;}","p {width: 50%; margin: auto; padding-bottom: 10px; padding-top: 5px;}","@media (max-width: 700px) {h2 {font-size: 10vw !important; } p {width: 70%; margin: auto; font-size: 10px; } .rich-text__blocks {line-height: 1.2; font-size: 13px; }}"],"settings":{"desktop_content_position":"center","content_alignment":"center","color_scheme":"accent-2","full_width":true,"padding_top":40,"padding_bottom":0}},"newsletter_H3xTcq":{"type":"newsletter","blocks":{"email_form_68XfDC":{"type":"email_form","settings":{}}},"block_order":["email_form_68XfDC"],"custom_css":[],"settings":{"color_scheme":"accent-2","full_width":true,"padding_top":16,"padding_bottom":52}},"custom_liquid_BXWqeD":{"type":"custom-liquid","settings":{"custom_liquid":"{% style %}\n.newsletter-form__field-wrapper label.field__label {\n    color: white;\nfont-family : 'HelveticaNowDisplay-Bold' !important;\n}\n\ntextarea:focus, input:focus {\n    color: white;\n}\n\ninput, select, textarea{\n    color: white;\n}\n\ninput[type=\"email\"], textarea {\n\nborder-radius : 15px;\ncolor : white;\nbackground-color : #19275F; \nborder : 1px solid white;\n\n}\n.newsletter__wrapper .newsletter-form__field-wrapper {\n    max-width: 60rem;\n}\n\n.newsletter-form__button {\n  position: absolute;\n  background-color : #C1FF72!important;\ncolor : black;\nfont-family : 'HelveticaNowDisplay-Bold';\n  width: 120px !important;\n  ;\nborder-radius : 15px;\n}\n.newsletter-form__field-wrapper .field__input {\n  width: 100%;\n  \n  margin: 0 !important;\n}\n.newsletter-form__field-wrapper > .field {\n\n  position: relative;\n  padding-right: 90px;\n}\n.newsletter-form__field-wrapper > .field::after,\n.newsletter-form__field-wrapper > .field::before {\n  display: none !important;\n}\n#Subscribe::before {\n  content: \"Claim Discount\";\n  font-size: 14px;\n}\n#Subscribe svg {\n  display: none;\n}\n.newsletter-form__message {\n    width: 100%;\n    justify-content: center;\n}\n{% endstyle %}","color_scheme":"","padding_top":0,"padding_bottom":0}}},"order":["main","5b480a41-181c-42a2-a5a9-ef2c4721e1e3","rich_text_BCiaxh","custom_marquee_text_TckW6g","custom_title_para_JKDX7h","custom_3_col_icon_eff4Lr","custom_title_para_PycnWf","custom_3_col_icon_7YC43T","rich_text_ir3U7g","newsletter_H3xTcq","custom_liquid_BXWqeD"]}