{"sections":{"main":{"type":"main-product","blocks":{"vendor":{"type":"text","settings":{"text":"{{ product.vendor }}","text_style":"body"}},"title":{"type":"title","settings":{}},"description":{"type":"description","settings":{}},"09964978-521c-4ebe-a88b-050608be6e6f":{"type":"custom_liquid","settings":{"custom_liquid":"<div class=\"pro-icon-container\">\n\n<div class=\"icon-individual\">\n<img src=\"https:\/\/cdn.shopify.com\/s\/files\/1\/0850\/4511\/7240\/files\/1_ac797989-7a53-4a67-aafc-666189aa1dc8.webp?v=1707131623\" alt=\"\" class=\"pro-icon\">\n<span class=\"pro-h4\">Radiant<br>Skin<\/span>\n        <\/div>\n\n<div class=\"icon-individual\">\n<img src=\"https:\/\/cdn.shopify.com\/s\/files\/1\/0850\/4511\/7240\/files\/5_4c2450c1-1c16-40e3-9fb5-ad7607c53135.webp?v=1707131623\" alt=\"\" class=\"pro-icon\">\n<span class=\"pro-h4\">Overnight<br>Exfoliation<\/span>\n<\/div>\n\n<div class=\"icon-individual\">\n<img src=\"https:\/\/cdn.shopify.com\/s\/files\/1\/0850\/4511\/7240\/files\/3_15a02106-424d-4d6a-901c-272d903bf6b3.webp?v=1707130677\" alt=\"\" class=\"pro-icon\">\n<span class=\"pro-h4\">Brightens <br>Complexion<\/span>\n        <\/div>\n\n<div class=\"icon-individual\">\n<img src=\"https:\/\/cdn.shopify.com\/s\/files\/1\/0850\/4511\/7240\/files\/2_dae41894-9fa8-421f-80ea-946cbc658fb3.webp?v=1707131623\" alt=\"\" class=\"pro-icon\">\n<span class=\"pro-h4\">Balances PH Levels<\/span>\n        <\/div>\n\n<div class=\"icon-individual\">\n<img src=\"https:\/\/cdn.shopify.com\/s\/files\/1\/0850\/4511\/7240\/files\/Website-ICONS_100x100_1.webp?v=1706775131\" alt=\"\" class=\"pro-icon\">\n<span class=\"pro-h4\">Intense  Hydration<\/span>\n        <\/div>\n\n<div class=\"icon-individual\">\n<img src=\"https:\/\/cdn.shopify.com\/s\/files\/1\/0850\/4511\/7240\/files\/4_8a2a2441-9ded-4c9f-a873-a40bd89a7e6b.webp?v=1707130677\" alt=\"\" class=\"pro-icon\">\n<span class=\"pro-h4\">Paraben <br> Free<\/span>\n        <\/div>\n\n    <\/div>\n\n{% style %}\n.pro-icon-container{\n     display : flex;\n    font-size: 1em;\n    flex-wrap: wrap;\n    row-gap: 0.75rem;\n    padding-bottom: 1em;\n}\n.icon-individual img{\n}\n\n.pro-icon-container img{\nmargin : 0;\n}\n\n.icon-individual {\nflex: 0 0 33.33333333%;\n    display: flex;\n    align-items: center;\n    column-gap: 0.5em;\n    padding-right: 0.5em;\n}\n\n.pro-h4{\nmargin-left : 10px\nline-height : 1;\ntext-align : left;\ncolor: #3e3d3c;\nfont-weight : 500;\nfont-size : 13px;\n}\n\n.pro-icon {\n    margin: 0 auto;\n    width: 40px;\n    height: 40px;\n    justify-content: center;\n}\n\n@media (max-width :600px) {\n.icon-individual {\nflex: 0 0 50%;\n    \n}\n}\n{% endstyle %}"}},"variant_picker":{"type":"variant_picker","settings":{"picker_type":"button"}},"price":{"type":"price","settings":{}},"buy_buttons":{"type":"buy_buttons","settings":{"show_dynamic_checkout":true,"show_gift_card_recipient":true}},"8d612a97-13a0-4386-993a-d7ec3477626e":{"type":"custom_liquid","settings":{"custom_liquid":"{%style%}\n\n.payment-icons img{\nwidth : 60%;\ndisplay: block;\n  margin-left: auto;\n  margin-right: auto;\n}\n\n@media (max-width : 600px){\n.payment-icons img{\nwidth : 80%;\n}\n}\n{%endstyle%}\n<div class=\"payment-icons\">\n<img src=\"https:\/\/cdn.shopify.com\/s\/files\/1\/0850\/4511\/7240\/files\/Payment_gateway_PNG_2.webp?v=1700719177\">\n<\/div>"}},"custom_liquid_YRCzxx":{"type":"custom_liquid","settings":{"custom_liquid":"{%style%}\n\np {\n  line-height: 1.2;\n  font-size: 15px;\n}\n.product__media-wrapper {\n  padding-right: 50px;\n  border-right: 1px solid black;\n}\n\n.product__media-wrapper{\npadding-top : 8vh;\npadding-bottom : 8vh;\n}\n.product__info-wrapper{\npadding-top : 8vh;\npadding-bottom : 8vh;\n}\n.product__info-container>*+*{\nmargin : 0;\nline-height : 1.2;\n}\n\n.product__info-container .product__description{\n margin-top : 2rem;\nmargin-bottom : 2.5rem;\n}\n\n.product__title h1{\nline-height : 1;\npadding-top : 0.5rem;\n}\n.product__media-wrapper{\npadding-top : 8vh;\npadding-bottom : 8vh;\n}\n.product__info-wrapper{\npadding-top : 8vh;\npadding-bottom : 8vh;\n}\n.product__info-container>*+*{\nmargin : 0;\nline-height : 1.2;\n}\n\n.product__info-container .product__description{\n margin-top : 2rem;\nmargin-bottom : 2.5rem;\n}\n\n.product__title h1{\nline-height : 1;\npadding-top : 0.5rem;\n}\n{%endstyle%}"}}},"block_order":["vendor","title","description","09964978-521c-4ebe-a88b-050608be6e6f","variant_picker","price","buy_buttons","8d612a97-13a0-4386-993a-d7ec3477626e","custom_liquid_YRCzxx"],"custom_css":[".product-form__submit {background-color: black; color: white; border-radius: 15px;}",".product-form__submit:after {border-radius: 16px;}",".shopify-payment-button__button {border-radius: 15px;}",".shopify-payment-button__button:hover:after {border-radius: 16px; border-color: #f0b64d; box-shadow: none !important;}",".form__label {display: none;}","@media (max-width: 700px) {.product__media-wrapper {padding-right: 0; border-right: none; } .product__media-wrapper {padding-top: 2vh; padding-bottom: 0vh; } .product__info-wrapper {padding-top: 2vh; }}"],"settings":{"enable_sticky_info":true,"color_scheme":"background-2","media_size":"medium","constrain_to_viewport":true,"media_fit":"contain","gallery_layout":"thumbnail_slider","media_position":"left","image_zoom":"hover","mobile_thumbnails":"hide","hide_variants":true,"enable_video_looping":false,"padding_top":0,"padding_bottom":0}},"ae20d83b-4b15-4211-a51d-d21838e747b9":{"type":"CUSTOM-Marquee-Text","blocks":{"70048d2a-9579-45c5-884a-3db8c0f67416":{"type":"item","settings":{"text":"100% Vegan"}},"5b518b7d-1a28-46fc-a391-b3a0328acc4c":{"type":"item","settings":{"text":"No Harmful Chemicals"}},"5a3a3c20-6d6b-42fe-a41b-e0cf407d26b5":{"type":"item","settings":{"text":"100% Cruelty Free"}},"1d80e3a8-0350-4b41-8b60-31d000939176":{"type":"item","settings":{"text":"Everyday Use"}},"a420e27b-902f-4413-b85d-b99b4872012a":{"type":"item","settings":{"text":"Expert Formulation"}}},"block_order":["70048d2a-9579-45c5-884a-3db8c0f67416","5b518b7d-1a28-46fc-a391-b3a0328acc4c","5a3a3c20-6d6b-42fe-a41b-e0cf407d26b5","1d80e3a8-0350-4b41-8b60-31d000939176","a420e27b-902f-4413-b85d-b99b4872012a"],"settings":{"bg_color":"#000000","color":"#ffffff","text_size":"text-sm","text_weight":"fw-bold","text_transform":"","list_label":"Product Features","animation_duration":15,"marquee_direction":"left","gap":30,"pt":0,"pb":0,"mt":0,"mb":0}},"related-products":{"type":"related-products","disabled":true,"settings":{"heading":"You may also like","heading_size":"h2","products_to_show":4,"columns_desktop":4,"color_scheme":"background-1","image_ratio":"square","image_shape":"default","show_secondary_image":true,"show_vendor":false,"show_rating":false,"columns_mobile":"2","padding_top":36,"padding_bottom":28}},"custom_title_para_zPiBwD":{"type":"CUSTOM-title-para","settings":{"title":"What goes in it?","description":"Our products are meticulously formulated with potent natural ingredients and cutting-edge actives. They provide optimal care for men’s skin, hair, and grooming needs."}},"custom_4_col_wide_VrWweA":{"type":"CUSTOM-4-col-wide","blocks":{"column_Y7mw8B":{"type":"column","settings":{"featureTitle":"Hyaluronic acid","featureDesc":"Retains water, keeping the skin moisturized and firm, reducing fine lines and wrinkles."}},"column_hiDA7h":{"type":"column","settings":{"featureTitle":"Niacinamide","featureDesc":"Addresses skincare concerns, minimizing pores & improves skin tone."}},"column_qF4JT7":{"type":"column","settings":{"featureTitle":"Green Tea Extract","featureDesc":"Offers antioxidant, soothing, and healing properties for damaged & irritated skin."}},"column_rTkeEh":{"type":"column","settings":{"featureTitle":"Seaweed","featureDesc":"Rich in nutrients and antioxidants, hydrates, nourishes, and soothes the skin for a healthier complexion."}}},"block_order":["column_Y7mw8B","column_hiDA7h","column_qF4JT7","column_rTkeEh"],"custom_css":[".feature-container {border-top: 1px solid black;}",".feature {padding-top: 50px; padding-bottom: 50px;}","@media (max-width: 500px) {.feature-container {border-top: none; } .feature h5 {font-size: 19px; }}"],"settings":{}},"custom_title_para_iz396Q":{"type":"CUSTOM-title-para","custom_css":["@media (max-width: 500px) {* {text-align: center; margin: auto; }}"],"settings":{"title":"Key Benefits","description":"Taking men's skincare and grooming to the next level of excellence."}},"custom_3_col_icon_rrVdVT":{"type":"CUSTOM-3-col-icon","blocks":{"column_6gKBVA":{"type":"column","settings":{"icon":"shopify:\/\/shop_images\/1_d4cff04e-4e16-4cd0-ad7c-985d7c5a95c2.webp","keyFeature":"Brightens Complexion","featureDesc":"Antioxidant-rich blend targets uneven skin tone, promoting a lively complexion "}},"column_dCRGec":{"type":"column","settings":{"icon":"shopify:\/\/shop_images\/2_0b760470-eb35-4ca8-81aa-d522f968223c.webp","keyFeature":"Overnight Exfoliation","featureDesc":"Exfoliates skin without damaging the protective skin barrier."}},"column_pBhW7z":{"type":"column","settings":{"icon":"shopify:\/\/shop_images\/3_50b02c89-2d6e-4019-956e-cb71e3536a8f.webp","keyFeature":"Non-sticky Formula","featureDesc":"Lightweight, oil-free formula for quick absorption & lasting effects."}}},"block_order":["column_6gKBVA","column_dCRGec","column_pBhW7z"],"settings":{}},"custom_title_para_pmfL4j":{"type":"CUSTOM-title-para","custom_css":[".title-para-wrapper {padding: 5% 0;}",".title-para-wrapper h2 {text-align: center;}",".title-para-wrapper p {width: 60%; padding-top: 10px; text-align: center; margin: auto;}","@media (max-width: 500px) {.title-para-wrapper h2 {padding-top: 50px; } .title-para-wrapper p {width: 90%; padding-top: 10px !important; }}"],"settings":{"title":"3 Steps Day Care Routine","description":"Following simple steps ensure a routine that not only promotes consistency but also delivers noticeable improvements with time."}},"custom_3_col_icon_kUCKcT":{"type":"CUSTOM-3-col-icon","blocks":{"column_hC3YYB":{"type":"column","settings":{"icon":"shopify:\/\/shop_images\/1_6ce2b5a0-0a92-49cd-b3fd-bc4b2d7258f2.webp","keyFeature":"Apply the product on clean face","featureDesc":"Take a dime-sized amount of the face cream and spread it across on clean skin."}},"column_3z6wzM":{"type":"column","settings":{"icon":"shopify:\/\/shop_images\/2_fb14fa61-1db4-40be-9d6d-635cd7974080.webp","keyFeature":"Massage into your skin","featureDesc":"Lightly rub the cream onto your face and neck as the final step of your evening routine."}},"column_TiexLW":{"type":"column","settings":{"icon":"shopify:\/\/shop_images\/3_3ac31e09-7de1-48ac-bb4b-f6ef9cb9cd9e.webp","keyFeature":"Allow your skin to absorb","featureDesc":"Gently pat the cream into the skin until fully absorbed & leave it overnight for radiant, hydrated, and healthy-looking skin by the morning."}}},"block_order":["column_hC3YYB","column_3z6wzM","column_TiexLW"],"custom_css":[".key-ingredients-container {background-color: #f4f2ea; border: none;}",".key-ingredient {border: none; padding-top: 20px;}",".key-ingredient h3 {width: 90%; font-size: 20px;}"],"settings":{}},"custom_title_para_ghpfdJ":{"type":"CUSTOM-title-para","custom_css":[".title-para-container {border-top: 1px solid black; margin-top: 30px;}",".title-para-wrapper {padding: 50px 0;}"],"settings":{"title":"Feel the Change","description":"Total Routine’s products are specially curated to show visible results and have a lasting effect on your hair. Follow a simple & consistent routine to feel the change."}},"custom_feature_section_R6wDne":{"type":"CUSTOM-feature-section","blocks":{"column_UDKxdW":{"type":"column","settings":{"featureTitle":"Week 1","featureDesc":"Feel the instant surge of hydration as the lightweight gel penetrates, leaving skin visibly firmer and more elastic."}},"column_EhzUTK":{"type":"column","settings":{"featureTitle":"Week 2","featureDesc":"Minimizes pores, evens skin tone, and softens fine lines. Your complexion begins to radiate with a more uniform and glowing appearance."}},"column_WW6HEY":{"type":"column","settings":{"featureTitle":"Week 3","featureDesc":"Soothed and healing skin. Licorice and Ashwagandha extracts bring their anti-aging prowess, especially beneficial for those with acne-prone skin."}},"column_eKhMzf":{"type":"column","settings":{"featureTitle":"Week 4","featureDesc":"Maintains skin moisture and reveals a more youthful complexion. Gentle exfoliation overnight ensures smoother and revitalized skin."}}},"block_order":["column_UDKxdW","column_EhzUTK","column_WW6HEY","column_eKhMzf"],"custom_css":[".key-ingredients-container {background-color: #f4f2ea; border: none;}",".key-ingredient {border: none; padding-top: 20px;}",".key-ingredient h3 {width: 90%; font-size: 20px;}"],"settings":{}},"custom_title_para_VDRtwN":{"type":"CUSTOM-title-para","settings":{"title":"Day & Night <br>Face Care Routine","description":"Our unique products are crafted to care for men's skin and make their grooming routine even better. They are packed with high potency natural ingredients and new generation actives at the highest levels to make them as effective as possible."}},"custom_featured_routine_zBK3pT":{"type":"CUSTOM-featured-routine","settings":{"routine_pictrue":"shopify:\/\/shop_images\/Day_Night_Routine.webp","routine_SP":"₹799.00","routine_CAP":"₹1,199.00","routine_desc":"Experience skincare perfection with Total Routine's day-and-night regimen, offering sun protection, hydration, and overnight rejuvenation for radiant and healthy skin.","target_URL":"https:\/\/www.totalroutine.co\/cart\/add?id=47465713566008&quantity=1","routine_prod1_type":"DAY CREAM","routine_prod1":"Hydrating Face Moisturiser with SPF 20","routine_prod1_i":"Harsh Sunlight Protection","routine_prod1_ii":"Anti-aging Benefits","routine_prod1_iii":"Long-lasting Hydration","routine_prod1_URL":"https:\/\/totalroutine.co\/products\/hydrating-face-moisturiser","routine_prod2_type":"NIGHT CREAM","routine_prod2":"Multi-Active Night Repair Face Gel","routine_prod2_i":"Brightens Complexion","routine_prod2_ii":"Gentle Overnight Exfoliation","routine_prod2_iii":"Non-sticky Formula","routine_prod2_URL":"https:\/\/totalroutine.co\/products\/night-repair-face-gel"}},"custom_title_para_JLrjcU":{"type":"CUSTOM-title-para","settings":{"title":"What are the users saying?","description":"Know what the men out there have to say about Total Routine. Explore honest reviews from our customers achieving confident, radiant skin with our user-friendly grooming solutions."}},"custom_testimonial_swiper_yFMpQz":{"type":"CUSTOM-testimonial-swiper","blocks":{"column_RFPyMV":{"type":"column","settings":{"imageURL":"shopify:\/\/shop_images\/9_b13af55f-7b4b-40fa-8a24-f2304dd438d5.webp","review":"Exceptional Results within 2 weeks of usage"}},"column_7eaarQ":{"type":"column","settings":{"imageURL":"shopify:\/\/shop_images\/tr-testimonal-person-1.webp","review":"Finallly Someone catering to Men’s Routine"}},"column_4RUHij":{"type":"column","settings":{"imageURL":"shopify:\/\/shop_images\/11_a9877e7f-f042-4550-b1f0-c50429d6bf17.webp","review":"Never thought routines could be so important"}},"column_wfYCXR":{"type":"column","settings":{"imageURL":"shopify:\/\/shop_images\/10_0992eb93-6563-47a3-bde6-ee91524c1073.webp","review":"Love the packaging  & branding"}},"column_Cp86da":{"type":"column","settings":{"imageURL":"shopify:\/\/shop_images\/8_58329d66-2e6e-45ec-8142-69d5bb845a9d.webp","review":"Game-changer in men’s skincare‎ ‎ ‎ ‎ ‎ ‎ ‎ ‎ ‎ ‎ ‎ ‎ ‎ ‎ ‎ ‎ ‎ ‎ ‎ ‎ ‎"}},"column_77xz6J":{"type":"column","settings":{"imageURL":"shopify:\/\/shop_images\/5_c68d0ae5-00f0-4509-b113-fbe3b80aded1.webp","review":"Products that do more than they say"}},"column_qhg6F8":{"type":"column","settings":{"imageURL":"shopify:\/\/shop_images\/6_fcb0eb58-b3a6-4a46-b0e0-ab1d875411ac.webp","review":"From skeptics to believers in record time"}},"column_jknCrj":{"type":"column","settings":{"imageURL":"shopify:\/\/shop_images\/3_40933041-1e2e-4da8-bd76-d09733e84bfd.webp","review":"Men’s skincare routines redefined‎ ‎ ‎ ‎ ‎ ‎ ‎ ‎ ‎ ‎ ‎ ‎ ‎ ‎ ‎ ‎ ‎ ‎ ‎ ‎ ‎ ‎ ‎ ‎ ‎ ‎ ‎ ‎"}},"column_NHf6jW":{"type":"column","settings":{"imageURL":"shopify:\/\/shop_images\/7_f719cfec-94ee-4175-9905-2c98d494d749.webp","review":"Quality products, simple routines for men"}}},"block_order":["column_RFPyMV","column_7eaarQ","column_4RUHij","column_wfYCXR","column_Cp86da","column_77xz6J","column_qhg6F8","column_jknCrj","column_NHf6jW"],"settings":{}},"rich_text_zj3xFN":{"type":"rich-text","blocks":{"heading_pKB3cw":{"type":"heading","settings":{"heading":"<strong>Get 15 % off your first order.<\/strong>","heading_size":"h1"}},"text_eQNxDr":{"type":"text","settings":{"text":"<p>Subscribe for monthly nourishment of insights and tips on natural well-being.<\/p>"}}},"block_order":["heading_pKB3cw","text_eQNxDr"],"custom_css":["* {text-align: center;}",".rich-text__blocks {line-height: 1.2; font-size: 13px;}","h2 {color: white; font-family: \"HelveticaNowDisplay-Bold\" !important; margin-bottom: -20px;}","p {width: 50%; margin: auto; padding-bottom: 10px; padding-top: 5px;}","@media (max-width: 700px) {h2 {font-size: 10vw !important; } p {width: 70%; margin: auto; font-size: 10px; } .rich-text__blocks {line-height: 1.2; font-size: 13px; }}"],"settings":{"desktop_content_position":"center","content_alignment":"center","color_scheme":"accent-2","full_width":true,"padding_top":40,"padding_bottom":0}},"newsletter_jnfXFi":{"type":"newsletter","blocks":{"email_form_6K9Ppe":{"type":"email_form","settings":{}}},"block_order":["email_form_6K9Ppe"],"settings":{"color_scheme":"accent-2","full_width":true,"padding_top":40,"padding_bottom":52}},"custom_liquid_HKQyQ3":{"type":"custom-liquid","settings":{"custom_liquid":"{% style %}\n.newsletter-form__field-wrapper label.field__label {\n    color: white;\nfont-family : 'HelveticaNowDisplay-Bold' !important;\n}\n\ntextarea:focus, input:focus {\n    color: white;\n}\n\ninput, select, textarea{\n    color: white;\n}\n\ninput[type=\"email\"], textarea {\n\nborder-radius : 15px;\ncolor : white;\nbackground-color : #19275F; \nborder : 1px solid white;\n\n}\n.newsletter__wrapper .newsletter-form__field-wrapper {\n    max-width: 60rem;\n}\n\n.newsletter-form__button {\n  position: absolute;\n  background-color : #C1FF72!important;\ncolor : black;\nfont-family : 'HelveticaNowDisplay-Bold';\n  width: 120px !important;\n  ;\nborder-radius : 15px;\n}\n.newsletter-form__field-wrapper .field__input {\n  width: 100%;\n  \n  margin: 0 !important;\n}\n.newsletter-form__field-wrapper > .field {\n\n  position: relative;\n  padding-right: 90px;\n}\n.newsletter-form__field-wrapper > .field::after,\n.newsletter-form__field-wrapper > .field::before {\n  display: none !important;\n}\n#Subscribe::before {\n  content: \"Claim Discount\";\n  font-size: 14px;\n}\n#Subscribe svg {\n  display: none;\n}\n.newsletter-form__message {\n    width: 100%;\n    justify-content: center;\n}\n{% endstyle %}","color_scheme":"","padding_top":0,"padding_bottom":0}}},"order":["main","ae20d83b-4b15-4211-a51d-d21838e747b9","related-products","custom_title_para_zPiBwD","custom_4_col_wide_VrWweA","custom_title_para_iz396Q","custom_3_col_icon_rrVdVT","custom_title_para_pmfL4j","custom_3_col_icon_kUCKcT","custom_title_para_ghpfdJ","custom_feature_section_R6wDne","custom_title_para_VDRtwN","custom_featured_routine_zBK3pT","custom_title_para_JLrjcU","custom_testimonial_swiper_yFMpQz","rich_text_zj3xFN","newsletter_jnfXFi","custom_liquid_HKQyQ3"]}