{"sections":{"main":{"type":"main-product","blocks":{"vendor":{"type":"text","settings":{"text":"{{ product.vendor }}","text_style":"body"}},"title":{"type":"title","settings":{}},"09964978-521c-4ebe-a88b-050608be6e6f":{"type":"custom_liquid","settings":{"custom_liquid":"<div class=\"pro-icon-container\">\n\n<div class=\"icon-individual\">\n<img src=\"https:\/\/cdn.shopify.com\/s\/files\/1\/0850\/4511\/7240\/files\/4_7880037e-17fb-468c-ba30-88760eca3ec5.png?v=1710575184\" alt=\"\" class=\"pro-icon\">\n<span class=\"pro-h4\">Reduces<br> Irritation<\/span>\n        <\/div>\n\n<div class=\"icon-individual\">\n<img src=\"https:\/\/cdn.shopify.com\/s\/files\/1\/0850\/4511\/7240\/files\/3_005dfad7-b081-46dd-bdbe-4cee86a865f6.png?v=1710575182\" alt=\"\" class=\"pro-icon\">\n<span class=\"pro-h4\">Reduces<br>Wrinkles<\/span>\n<\/div>\n\n<div class=\"icon-individual\">\n<img src=\"https:\/\/cdn.shopify.com\/s\/files\/1\/0850\/4511\/7240\/files\/2_743ea000-4b55-447f-86ec-d19a1f48917f.png?v=1710575183\" alt=\"\" class=\"pro-icon\">\n<span class=\"pro-h4\">Alleviates <br>Dryness<\/span>\n        <\/div>\n\n<div class=\"icon-individual\">\n<img src=\"https:\/\/cdn.shopify.com\/s\/files\/1\/0850\/4511\/7240\/files\/1_8b8bdc53-0690-4631-a2bb-aee4c3e32b0c.png?v=1710575184\" alt=\"\" class=\"pro-icon\">\n<span class=\"pro-h4\">Stronger Skin Defence<\/span>\n        <\/div>\n\n<div class=\"icon-individual\">\n<img src=\"https:\/\/cdn.shopify.com\/s\/files\/1\/0850\/4511\/7240\/files\/Website-ICONS_100x100_1.webp?v=1706775131\" alt=\"\" class=\"pro-icon\">\n<span class=\"pro-h4\">Intense  Hydration<\/span>\n        <\/div>\n\n<div class=\"icon-individual\">\n<img src=\"https:\/\/cdn.shopify.com\/s\/files\/1\/0850\/4511\/7240\/files\/5_64ae0f43-221e-4f6e-b806-b2ebc6b0f141.png?v=1710575182\" alt=\"\" class=\"pro-icon\">\n<span class=\"pro-h4\">Suitable For All<\/span>\n        <\/div>\n\n    <\/div>\n\n{% style %}\n.pro-icon-container{\n     display : flex;\n    font-size: 1em;\n    flex-wrap: wrap;\n    row-gap: 0.75rem;\n    padding-bottom: 1em;\npadding-top : 30px;\n}\n.icon-individual img{\n}\n\n.pro-icon-container img{\nmargin : 0;\n}\n\n.icon-individual {\nflex: 0 0 33.33333333%;\n    display: flex;\n    align-items: center;\n    column-gap: 0.5em;\n    padding-right: 0.5em;\n}\n\n.pro-h4{\nmargin-left : 10px\nline-height : 1;\ntext-align : left;\ncolor: black;\nfont-weight : 500;\nfont-size : 13px;\n}\n\n.pro-icon {\n    margin: 0 auto;\n    width: 40px;\n    height: 40px;\n    justify-content: center;\n}\n\n.product__title{\ncolor : black;\n\n@media (max-width :600px) {\n.icon-individual {\nflex: 0 0 50%;\n    \n}\n}\n{% endstyle %}"}},"variant_picker":{"type":"variant_picker","settings":{"picker_type":"button"}},"price":{"type":"price","settings":{}},"buy_buttons":{"type":"buy_buttons","settings":{"show_dynamic_checkout":true,"show_gift_card_recipient":true}},"8d612a97-13a0-4386-993a-d7ec3477626e":{"type":"custom_liquid","settings":{"custom_liquid":"{%style%}\n\n.payment-icons img{\nwidth : 60%;\ndisplay: block;\n  margin-left: auto;\n  margin-right: auto;\n}\n\n@media (max-width : 600px){\n.payment-icons img{\nwidth : 80%;\n}\n}\n{%endstyle%}\n<div class=\"payment-icons\">\n<img src=\"https:\/\/cdn.shopify.com\/s\/files\/1\/0850\/4511\/7240\/files\/Payment_gateway_PNG_2.webp?v=1700719177\">\n<\/div>"}},"custom_liquid_YRCzxx":{"type":"custom_liquid","settings":{"custom_liquid":"{%style%}\n\np {\n  line-height: 1.2;\n  font-size: 15px;\n}\n.product__media-wrapper {\n  padding-right: 50px;\n  border-right: 1px solid black;\n}\n\n.product__media-wrapper{\npadding-top : 8vh;\npadding-bottom : 8vh;\n}\n.product__info-wrapper{\npadding-top : 8vh;\npadding-bottom : 8vh;\n}\n.product__info-container>*+*{\nmargin : 0;\nline-height : 1.2;\n}\n\n.product__info-container .product__description{\n margin-top : 2rem;\nmargin-bottom : 2.5rem;\n}\n\n.product__title h1{\nline-height : 1;\npadding-top : 0.5rem;\n}\n.product__media-wrapper{\npadding-top : 8vh;\npadding-bottom : 8vh;\n}\n.product__info-wrapper{\npadding-top : 8vh;\npadding-bottom : 8vh;\n}\n.product__info-container>*+*{\nmargin : 0;\nline-height : 1.2;\n}\n\n.product__info-container .product__description{\n margin-top : 2rem;\nmargin-bottom : 2.5rem;\n}\n\n.product__title h1{\nline-height : 1;\npadding-top : 0.5rem;\n}\n\n.accordion {\n  border-top : none !important;\nborder-color : black;\n}\n{%endstyle%}"}},"collapsible_tab_P8N4Rh":{"type":"collapsible_tab","settings":{"heading":"Description","icon":"none","content":"<p>A natural Ceramide Face Serum to help restore the brightness of your skin. This potent serum re-energizes your skin while simultaneously fighting dryness and irritation. Rich in ceramides, it strengthens the barrier that protects your skin, encouraging resilience and healing. Uncover the transforming effect and reveal skin that is naturally glowing and healthy. <\/p>","page":""}},"collapsible_tab_ncFY7B":{"type":"collapsible_tab","settings":{"heading":"Ingredients","icon":"none","content":"<p>Aqua, Aloe Vera Leaf Extract, Glycerin Bacillus\/Carrot Root Ferment Filtrate, Coco-Caprylate \/ Caprate*, Niacinamide Sodium Lactate & Sodium Gluconate, Dimethyl Isosorbide, Phenoxyethanol (and) Ethylhexylglycerin, Hyaluronic Acid, Dimethyl Isosorbide, Polysorbate 20, Cetearyl Olivate (and) Sorbitan Olivate, Alpha arbutin, Xantham Gum, Allantoin, Ceramide EOP (and) Ceramide NS (and) Ceramide NP (and) Ceramide AS (and) Ceramide AP (and) Cholestrol, Sodium Gluconate*Orange Oil.<\/p><p>This product is natural. The product consistency might change from time to time, but the product efficacy remains the same<\/p>","page":""}}},"block_order":["vendor","title","09964978-521c-4ebe-a88b-050608be6e6f","variant_picker","price","buy_buttons","8d612a97-13a0-4386-993a-d7ec3477626e","custom_liquid_YRCzxx","collapsible_tab_P8N4Rh","collapsible_tab_ncFY7B"],"custom_css":[".product-form__submit {background-color: black; color: white; border-radius: 15px;}",".product-form__submit:after {border-radius: 16px;}",".shopify-payment-button__button {border-radius: 15px;}",".shopify-payment-button__button:hover:after {border-radius: 16px; border-color: #f0b64d; box-shadow: none !important;}",".form__label {display: none;}","@media (max-width: 700px) {.product__media-wrapper {padding-right: 0; border-right: none; } .product__media-wrapper {padding-top: 2vh; padding-bottom: 0vh; } .product__info-wrapper {padding-top: 2vh; }}"],"settings":{"enable_sticky_info":true,"color_scheme":"background-2","media_size":"medium","constrain_to_viewport":true,"media_fit":"contain","gallery_layout":"thumbnail_slider","media_position":"left","image_zoom":"hover","mobile_thumbnails":"hide","hide_variants":true,"enable_video_looping":false,"padding_top":0,"padding_bottom":0}},"custom_liquid_KaArbD":{"type":"custom-liquid","settings":{"custom_liquid":"<div class=\"h1-heading-container\">\n<h1 class=\"h1-heading-color\">An <span class=\"txt-color-white\">Ultra Defence Brightening Face Serum\n<\/span> for women & men powered by clinically \nresearched <span class=\"txt-color-neon\">formulas<\/span> & potent natural  <span class=\"txt-color-neon\">ingredients.<\/span><\/h1>\n<\/div>\n\n\n<style>\n\n.h1-heading-container {\n    width: 100%;\n    padding: 5% 7.5%;\n    padding-bottom: 0;\n    margin-bottom: -20px;\n    background-color: #042E33;\n}\n\n.h1-heading-color {\nfont-family : 'HelveticaNowDisplay-Light' !important;\nfont-size : 6vw;\nline-height : 1;\ncolor : #7DAA9E;\n}\n\n.txt-color-white{\ncolor : white;\n}\n\n.txt-color-neon{\ncolor : #A1CF67;\n}\n\n@media (max-width : 600px){\n .h1-heading-color{\nfont-size : 30px;\n}\n\n.h1-heading-container{\npadding-top : 10%;\npadding-bottom : 10%;\n}\n<\/style>","color_scheme":"","padding_top":0,"padding_bottom":0}},"custom_ingredients_WR3rR8":{"type":"CUSTOM-ingredients","blocks":{"column_KVi7qE":{"type":"column","settings":{"ingredientName":"Ceramide","ingredientBenefit":"Retains Moisture"}},"column_qiynP4":{"type":"column","settings":{"ingredientName":"Niacinamide","ingredientBenefit":"Evens skin tone"}},"column_6WbCTT":{"type":"column","settings":{"ingredientName":"Hyaluronic Acid","ingredientBenefit":"Reduces Fine Lines"}},"column_64tpKi":{"type":"column","settings":{"ingredientName":"Alpha Arbutin","ingredientBenefit":"Reduces Dark Spots"}}},"block_order":["column_KVi7qE","column_qiynP4","column_6WbCTT","column_64tpKi"],"settings":{"heading":"What goes in it?","productImage":"shopify:\/\/shop_images\/Untitled_design_2.png"}},"related-products":{"type":"related-products","disabled":true,"settings":{"heading":"You may also like","heading_size":"h2","products_to_show":4,"columns_desktop":4,"color_scheme":"background-1","image_ratio":"square","image_shape":"default","show_secondary_image":true,"show_vendor":false,"show_rating":false,"columns_mobile":"2","padding_top":36,"padding_bottom":28}},"custom_how_to_use_PHKnyY":{"type":"CUSTOM-how-to-use","blocks":{"column_Pxx4dF":{"type":"column","settings":{"imageURL":"shopify:\/\/shop_images\/12.jpg","stepNo":"1","stepDetail":"Apply on clean & dry face"}},"column_K7cjpR":{"type":"column","settings":{"imageURL":"shopify:\/\/shop_images\/13.jpg","stepNo":"2","stepDetail":"Gently massage on your skin."}},"column_UmgMVJ":{"type":"column","settings":{"imageURL":"shopify:\/\/shop_images\/Total_Routine_Face_Serum_2.webp","stepNo":"3","stepDetail":"Apply regularly for best results."}}},"block_order":["column_Pxx4dF","column_K7cjpR","column_UmgMVJ"],"settings":{"heading":"How to use?","paragraph":"Our unique products are crafted to care for men's skin and make their grooming routine even better."}},"custom_2_image_RfdXDh":{"type":"CUSTOM-2-image","settings":{"heading":"Advanced Formulations. Simple Routines.","imageRight":"shopify:\/\/shop_images\/Total_Routine_Face_Serum_2.webp"}},"ae20d83b-4b15-4211-a51d-d21838e747b9":{"type":"CUSTOM-Marquee-Text","blocks":{"70048d2a-9579-45c5-884a-3db8c0f67416":{"type":"item","settings":{"text":"100% Vegan"}},"5b518b7d-1a28-46fc-a391-b3a0328acc4c":{"type":"item","settings":{"text":"No Harmful Chemicals"}},"5a3a3c20-6d6b-42fe-a41b-e0cf407d26b5":{"type":"item","settings":{"text":"100% Cruelty Free"}},"1d80e3a8-0350-4b41-8b60-31d000939176":{"type":"item","settings":{"text":"Everyday Use"}},"a420e27b-902f-4413-b85d-b99b4872012a":{"type":"item","settings":{"text":"Expert Formulation"}}},"block_order":["70048d2a-9579-45c5-884a-3db8c0f67416","5b518b7d-1a28-46fc-a391-b3a0328acc4c","5a3a3c20-6d6b-42fe-a41b-e0cf407d26b5","1d80e3a8-0350-4b41-8b60-31d000939176","a420e27b-902f-4413-b85d-b99b4872012a"],"custom_css":["li {font-size: 50px; padding-top: 1vh; padding-bottom: 1vh; font-family: \"HelveticaNowDisplay-Light\";}","ul li::after {height: 1rem; width: 1rem;}","@media (max-width: 600px) {li {font-size: 30px; }}"],"settings":{"bg_color":"#000000","color":"#ffffff","text_size":"text-lg","text_weight":"","text_transform":"","list_label":"Product Features","animation_duration":15,"marquee_direction":"left","gap":30,"pt":0,"pb":0,"mt":0,"mb":0}},"custom_feel_the_change_UEYdpW":{"type":"CUSTOM-feel-the-change","blocks":{"column_bBkwXT":{"type":"column","settings":{"imageURL":"shopify:\/\/shop_images\/1_42ad255f-1794-476f-8db4-0feed7a4f62f.webp","week":"Week 1","details":"Redensyl, Procapil, and Capexil trio activates hair follicle stem cells and strengthens your scalp by promoting blood circulation and nourishment."}},"column_knxAAF":{"type":"column","settings":{"imageURL":"shopify:\/\/shop_images\/2_699bc30d-16b0-4083-a961-a1ea64a145b1.webp","week":"Week 2","details":"Awakens dormant follicles & promotes hair growth where you may start to notice a subtle increase in hair density and vitality."}},"column_jC8MKM":{"type":"column","settings":{"imageURL":"shopify:\/\/shop_images\/3_0f8b3155-0d4e-4f23-a21d-f83aa2919b08.webp","week":"Week 3","details":"Collagen and peptides in the serum start to significantly improve the texture of the hair. The strands become noticeably stronger, and more resilient, enhancing volume and shine. "}}},"block_order":["column_bBkwXT","column_knxAAF","column_jC8MKM"],"disabled":true,"settings":{"headingLight":"Real Ingredients.","headingBold":"Real Results.","paragraph":"Total Routine’s products are specially curated to show visible results and have a lasting effect on your hair. Follow a simple & consistent routine to feel the change."}},"custom_comparision_BL8APM":{"type":"CUSTOM-comparision","disabled":true,"settings":{"heading":"Why is your advanced serum better?","paragraph":"Meticulously formulated products, infused with potent natural ingredients and cutting edge actives to provide optimal care for men’s skin, hair & grooming needs. ","proHeading":"Hair Pro by Total Routine","consHeading":"Other Serums in the market","advantage1":"Made from Clinically researched Ingredients","advantage2":"Paraben, Sulphate & Silicon Free","advantage3":"Natural Ingredients","advantage4":"Non-Sticky formula","advantage5":"Result-oriented"}},"custom_title_para_VDRtwN":{"type":"CUSTOM-title-para","settings":{"title":"Day & Night Face Care Routine","description":"Our unique products are crafted to care for men's skin and make their grooming routine even better. They are packed with high potency natural ingredients and new generation actives at the highest levels to make them as effective as possible."}},"custom_featured_routine_zBK3pT":{"type":"CUSTOM-featured-routine","custom_css":[],"settings":{"routine_pictrue":"shopify:\/\/shop_images\/Day_Night_Routine.webp","routine_SP":"₹799.00","routine_CAP":"₹1,199.00","routine_desc":"Experience skincare perfection with Total Routine's day-and-night regimen, offering sun protection, hydration, and overnight rejuvenation for radiant and healthy skin.","target_URL":"https:\/\/www.totalroutine.co\/cart\/add?id=47465713566008&quantity=1","routine_prod1_type":"DAY CREAM","routine_prod1":"Hydrating Face Moisturiser with SPF 20","routine_prod1_i":"Harsh Sunlight Protection","routine_prod1_ii":"Anti-aging Benefits","routine_prod1_iii":"Long-lasting Hydration","routine_prod1_URL":"https:\/\/totalroutine.co\/products\/hydrating-face-moisturiser","routine_prod2_type":"NIGHT CREAM","routine_prod2":"Multi-Active Night Repair Face Gel","routine_prod2_i":"Brightens Complexion","routine_prod2_ii":"Gentle Overnight Exfoliation","routine_prod2_iii":"Non-sticky Formula","routine_prod2_URL":"https:\/\/totalroutine.co\/products\/night-repair-face-gel"}},"custom_title_para_JLrjcU":{"type":"CUSTOM-title-para","settings":{"title":"What are the users saying?","description":"Know what the men out there have to say about Total Routine. Explore honest reviews from our customers achieving confident, radiant skin with our user-friendly grooming solutions."}},"custom_testimonial_swiper_yFMpQz":{"type":"CUSTOM-testimonial-swiper","blocks":{"column_RFPyMV":{"type":"column","settings":{"imageURL":"shopify:\/\/shop_images\/9_b13af55f-7b4b-40fa-8a24-f2304dd438d5.webp","review":"Exceptional Results within 2 weeks of usage"}},"column_7eaarQ":{"type":"column","settings":{"imageURL":"shopify:\/\/shop_images\/tr-testimonal-person-1.webp","review":"Finallly Someone catering to Men’s Routine"}},"column_4RUHij":{"type":"column","settings":{"imageURL":"shopify:\/\/shop_images\/11_a9877e7f-f042-4550-b1f0-c50429d6bf17.webp","review":"Never thought routines could be so important"}},"column_wfYCXR":{"type":"column","settings":{"imageURL":"shopify:\/\/shop_images\/10_0992eb93-6563-47a3-bde6-ee91524c1073.webp","review":"Love the packaging  & branding"}},"column_Cp86da":{"type":"column","settings":{"imageURL":"shopify:\/\/shop_images\/8_58329d66-2e6e-45ec-8142-69d5bb845a9d.webp","review":"Game-changer in men’s skincare"}},"column_77xz6J":{"type":"column","settings":{"imageURL":"shopify:\/\/shop_images\/5_c68d0ae5-00f0-4509-b113-fbe3b80aded1.webp","review":"Products that do more than they say"}},"column_qhg6F8":{"type":"column","settings":{"imageURL":"shopify:\/\/shop_images\/6_fcb0eb58-b3a6-4a46-b0e0-ab1d875411ac.webp","review":"From skeptics to believers in record time"}},"column_jknCrj":{"type":"column","settings":{"imageURL":"shopify:\/\/shop_images\/3_40933041-1e2e-4da8-bd76-d09733e84bfd.webp","review":"Men’s skincare routines redefined"}},"column_NHf6jW":{"type":"column","settings":{"imageURL":"shopify:\/\/shop_images\/7_f719cfec-94ee-4175-9905-2c98d494d749.webp","review":"Quality products, simple routines for men"}}},"block_order":["column_RFPyMV","column_7eaarQ","column_4RUHij","column_wfYCXR","column_Cp86da","column_77xz6J","column_qhg6F8","column_jknCrj","column_NHf6jW"],"custom_css":[],"settings":{}},"rich_text_zj3xFN":{"type":"rich-text","blocks":{"heading_pKB3cw":{"type":"heading","settings":{"heading":"<strong>Get 15 % off your first order.<\/strong>","heading_size":"h1"}},"text_eQNxDr":{"type":"text","settings":{"text":"<p>Subscribe for monthly nourishment of insights and tips on natural well-being. <\/p>"}}},"block_order":["heading_pKB3cw","text_eQNxDr"],"custom_css":["* {text-align: center;}",".rich-text__blocks {line-height: 1.2; font-size: 13px;}","h2 {color: white; font-family: \"HelveticaNowDisplay-Bold\" !important; margin-bottom: -20px;}","p {width: 50%; margin: auto; padding-bottom: 10px; padding-top: 5px;}","@media (max-width: 700px) {h2 {font-size: 10vw !important; } p {width: 70%; margin: auto; font-size: 10px; } .rich-text__blocks {line-height: 1.2; font-size: 13px; }}"],"settings":{"desktop_content_position":"center","content_alignment":"center","color_scheme":"accent-2","full_width":true,"padding_top":40,"padding_bottom":0}},"newsletter_jnfXFi":{"type":"newsletter","blocks":{"email_form_6K9Ppe":{"type":"email_form","settings":{}}},"block_order":["email_form_6K9Ppe"],"settings":{"color_scheme":"accent-2","full_width":true,"padding_top":40,"padding_bottom":52}},"custom_liquid_HKQyQ3":{"type":"custom-liquid","settings":{"custom_liquid":"{% style %}\n.newsletter-form__field-wrapper label.field__label {\n    color: white;\nfont-family : 'HelveticaNowDisplay-Bold' !important;\n}\n\ntextarea:focus, input:focus {\n    color: white;\n}\n\ninput, select, textarea{\n    color: white;\n}\n\ninput[type=\"email\"], textarea {\n\nborder-radius : 15px;\ncolor : white;\nbackground-color : #19275F; \nborder : 1px solid white;\n\n}\n.newsletter__wrapper .newsletter-form__field-wrapper {\n    max-width: 60rem;\n}\n\n.newsletter-form__button {\n  position: absolute;\n  background-color : #C1FF72!important;\ncolor : black;\nfont-family : 'HelveticaNowDisplay-Bold';\n  width: 120px !important;\n  ;\nborder-radius : 15px;\n}\n.newsletter-form__field-wrapper .field__input {\n  width: 100%;\n  \n  margin: 0 !important;\n}\n.newsletter-form__field-wrapper > .field {\n\n  position: relative;\n  padding-right: 90px;\n}\n.newsletter-form__field-wrapper > .field::after,\n.newsletter-form__field-wrapper > .field::before {\n  display: none !important;\n}\n#Subscribe::before {\n  content: \"Claim Discount\";\n  font-size: 14px;\n}\n#Subscribe svg {\n  display: none;\n}\n.newsletter-form__message {\n    width: 100%;\n    justify-content: center;\n}\n{% endstyle %}","color_scheme":"","padding_top":0,"padding_bottom":0}}},"order":["main","custom_liquid_KaArbD","custom_ingredients_WR3rR8","related-products","custom_how_to_use_PHKnyY","custom_2_image_RfdXDh","ae20d83b-4b15-4211-a51d-d21838e747b9","custom_feel_the_change_UEYdpW","custom_comparision_BL8APM","custom_title_para_VDRtwN","custom_featured_routine_zBK3pT","custom_title_para_JLrjcU","custom_testimonial_swiper_yFMpQz","rich_text_zj3xFN","newsletter_jnfXFi","custom_liquid_HKQyQ3"]}