{"current":{"logo":"shopify:\/\/shop_images\/totalRoutine_black_logo_300x40_74c07d5b-69c6-4b56-9a71-c6a2c53a7155.png","logo_width":200,"favicon":"shopify:\/\/shop_images\/Favicon_40px.png","type_header_font":"helvetica_n4","heading_scale":100,"type_body_font":"helvetica_n4","body_scale":100,"page_width":1600,"spacing_sections":0,"spacing_grid_horizontal":8,"spacing_grid_vertical":8,"animations_reveal_on_scroll":true,"animations_hover_elements":"none","buttons_border_thickness":0,"buttons_border_opacity":0,"buttons_radius":0,"buttons_shadow_opacity":0,"buttons_shadow_horizontal_offset":0,"buttons_shadow_vertical_offset":4,"buttons_shadow_blur":5,"variant_pills_border_thickness":1,"variant_pills_border_opacity":55,"variant_pills_radius":40,"variant_pills_shadow_opacity":0,"variant_pills_shadow_horizontal_offset":0,"variant_pills_shadow_vertical_offset":4,"variant_pills_shadow_blur":5,"inputs_border_thickness":0,"inputs_border_opacity":100,"inputs_radius":40,"inputs_shadow_opacity":0,"inputs_shadow_horizontal_offset":0,"inputs_shadow_vertical_offset":4,"inputs_shadow_blur":5,"card_style":"standard","card_image_padding":0,"card_text_alignment":"left","card_color_scheme":"background-2","card_border_thickness":0,"card_border_opacity":10,"card_corner_radius":0,"card_shadow_opacity":0,"card_shadow_horizontal_offset":0,"card_shadow_vertical_offset":4,"card_shadow_blur":5,"collection_card_style":"standard","collection_card_image_padding":0,"collection_card_text_alignment":"left","collection_card_color_scheme":"background-2","collection_card_border_thickness":0,"collection_card_border_opacity":10,"collection_card_corner_radius":0,"collection_card_shadow_opacity":0,"collection_card_shadow_horizontal_offset":0,"collection_card_shadow_vertical_offset":4,"collection_card_shadow_blur":5,"blog_card_style":"standard","blog_card_image_padding":0,"blog_card_text_alignment":"left","blog_card_color_scheme":"background-2","blog_card_border_thickness":0,"blog_card_border_opacity":10,"blog_card_corner_radius":0,"blog_card_shadow_opacity":0,"blog_card_shadow_horizontal_offset":0,"blog_card_shadow_vertical_offset":4,"blog_card_shadow_blur":5,"text_boxes_border_thickness":0,"text_boxes_border_opacity":10,"text_boxes_radius":0,"text_boxes_shadow_opacity":0,"text_boxes_shadow_horizontal_offset":0,"text_boxes_shadow_vertical_offset":4,"text_boxes_shadow_blur":5,"media_border_thickness":1,"media_border_opacity":5,"media_radius":0,"media_shadow_opacity":0,"media_shadow_horizontal_offset":0,"media_shadow_vertical_offset":4,"media_shadow_blur":5,"popup_border_thickness":1,"popup_border_opacity":10,"popup_corner_radius":0,"popup_shadow_opacity":5,"popup_shadow_horizontal_offset":0,"popup_shadow_vertical_offset":4,"popup_shadow_blur":5,"drawer_border_thickness":1,"drawer_border_opacity":10,"drawer_shadow_opacity":0,"drawer_shadow_horizontal_offset":0,"drawer_shadow_vertical_offset":4,"drawer_shadow_blur":5,"badge_position":"bottom left","badge_corner_radius":40,"sale_badge_color_scheme":"accent-2","sold_out_badge_color_scheme":"inverse","brand_headline":"","brand_description":"<p><\/p>","brand_image_width":100,"social_facebook_link":"","social_instagram_link":"","social_youtube_link":"","social_tiktok_link":"","social_twitter_link":"","social_snapchat_link":"","social_pinterest_link":"","social_tumblr_link":"","social_vimeo_link":"","predictive_search_enabled":true,"predictive_search_show_vendor":false,"predictive_search_show_price":true,"currency_code_enabled":true,"cart_type":"drawer","show_vendor":false,"show_cart_note":false,"cart_drawer_collection":"","cart_color_scheme":"background-1","checkout_header_image":"shopify:\/\/shop_images\/TR_-_PM_Cream.webp","checkout_logo_image":"shopify:\/\/shop_images\/TR_Logo-Whitee.webp","checkout_logo_position":"left","checkout_logo_size":"large","checkout_body_background_color":"#f1f1f1","checkout_accent_color":"#1f4f4a","checkout_button_color":"#1f4f4a","sections":{"main-password-header":{"type":"main-password-header","settings":{"color_scheme":"background-1"}},"main-password-footer":{"type":"main-password-footer","settings":{"color_scheme":"background-1"}},"CUSTOM-wishlist":{"type":"CUSTOM-wishlist","custom_css":[".drawer__inner {background-color: white;}"],"settings":{"drawer_width":"400","header_title":"Wishlist","display_btn_pdp":false,"display_btn_lists":false,"product_img_orientation":"square","text_wishlist":"Wishlist","text_add":"Add to wishlist","text_remove":"Remove from wishlist","text_empty":"Your wishlist empty"}},"CUSTOM-sales-popup":{"type":"CUSTOM-sales-popup","blocks":{"block_QpUHYG":{"type":"block","settings":{"product":"night-repair-face-gel","subtitle":"Udit from Delhi purchased a","time":"15 hours ago"}},"block_GLETie":{"type":"block","settings":{"product":"night-repair-face-gel","subtitle":"S.K from Chennai, TN purchased a","time":"5 hours ago"}},"block_9bftpR":{"type":"block","settings":{"product":"ultra-defence-brightening-face-serum","subtitle":"Harshal from Nagpur, MH purchased a","time":"4 hours ago"}},"block_yXTccX":{"type":"block","settings":{"product":"ultra-defence-brightening-face-serum","subtitle":"Ankur from Mumbai, MH purchased a","time":"2 hours ago"}},"block_7xzjNi":{"type":"block","settings":{"product":"hydrating-face-moisturiser","subtitle":"Gaurav from Bangalore, KA purchased a","time":"13 hours ago"}},"block_jYE7R6":{"type":"block","settings":{"product":"hydrating-face-moisturiser","subtitle":"Sharma from Bangalore, KA purchased a","time":"4 hours ago"}},"block_yQKcfX":{"type":"block","settings":{"product":"mens-hair-vitalizer","subtitle":"Shiv from Hyderabad purchased a","time":"12 hours ago"}},"block_93ee6i":{"type":"block","settings":{"product":"mens-hair-vitalizer","subtitle":"Aman from Patna, Bihar purchased a","time":"10 hours ago"}}},"block_order":["block_QpUHYG","block_GLETie","block_9bftpR","block_yXTccX","block_7xzjNi","block_jYE7R6","block_yQKcfX","block_93ee6i"],"custom_css":["\/* Hide sales pop-up on mobile devices *\/@media (max-width: 767px) {#eg-sales-popup {display: none !important; }}"],"settings":{"enable_section":true,"bg_color":"#ffffff","text_color":"#121212","rounded_corners":"rounded","delay":5,"idle_delay":24,"position":"left","z_index":"9","show_homepage":false,"show_product_page":true,"show_collection_page":false}}},"content_for_index":[],"blocks":{"6580628107054956941":{"type":"shopify:\/\/apps\/avada-email-marketing-sms\/blocks\/app-core\/3c307d0f-4ec6-4f80-ba42-05314248b065","disabled":false,"settings":{}},"14190008716408616819":{"type":"shopify:\/\/apps\/avada-email-marketing-sms\/blocks\/app-embed-popup\/3c307d0f-4ec6-4f80-ba42-05314248b065","disabled":false,"settings":{}},"10025992882218306672":{"type":"shopify:\/\/apps\/ctx-whatsapp-chat-marketing\/blocks\/app-embed\/7bea84d9-a54b-47f1-9ebf-40f235a03c1c","disabled":false,"settings":{}}},"color_schemes":{"background-1":{"settings":{"background":"#f5f4ea","background_gradient":"","text":"#101010","button":"#121212","button_label":"#ffffff","secondary_button_label":"#121212","shadow":"#121212"}},"background-2":{"settings":{"background":"#f5f4ea","background_gradient":"","text":"#000000","button":"#1c4e49","button_label":"#f3f3f3","secondary_button_label":"#121212","shadow":"#121212"}},"inverse":{"settings":{"background":"#242833","background_gradient":"","text":"#ffffff","button":"#ffffff","button_label":"#000000","secondary_button_label":"#ffffff","shadow":"#121212"}},"accent-1":{"settings":{"background":"#f4f2ea","background_gradient":"","text":"#000000","button":"#121212","button_label":"#121212","secondary_button_label":"#0d0d0d","shadow":"#121212"}},"accent-2":{"settings":{"background":"#19275f","background_gradient":"","text":"#ffffff","button":"#ffffff","button_label":"#334fb4","secondary_button_label":"#ffffff","shadow":"#121212"}}}},"presets":{"Default":{"logo_width":90,"color_schemes":{"background-1":{"settings":{"background":"#FFFFFF","background_gradient":"","text":"#121212","button":"#121212","button_label":"#FFFFFF","secondary_button_label":"#121212","shadow":"#121212"}},"background-2":{"settings":{"background":"#F3F3F3","background_gradient":"","text":"#121212","button":"#121212","button_label":"#F3F3F3","secondary_button_label":"#121212","shadow":"#121212"}},"inverse":{"settings":{"background":"#242833","background_gradient":"","text":"#FFFFFF","button":"#FFFFFF","button_label":"#000000","secondary_button_label":"#FFFFFF","shadow":"#121212"}},"accent-1":{"settings":{"background":"#121212","background_gradient":"","text":"#FFFFFF","button":"#FFFFFF","button_label":"#121212","secondary_button_label":"#FFFFFF","shadow":"#121212"}},"accent-2":{"settings":{"background":"#334FB4","background_gradient":"","text":"#FFFFFF","button":"#FFFFFF","button_label":"#334FB4","secondary_button_label":"#FFFFFF","shadow":"#121212"}}},"type_header_font":"assistant_n4","heading_scale":100,"type_body_font":"assistant_n4","body_scale":100,"page_width":1200,"spacing_sections":0,"spacing_grid_horizontal":8,"spacing_grid_vertical":8,"animations_reveal_on_scroll":true,"animations_hover_elements":"none","buttons_border_thickness":1,"buttons_border_opacity":100,"buttons_radius":0,"buttons_shadow_opacity":0,"buttons_shadow_horizontal_offset":0,"buttons_shadow_vertical_offset":4,"buttons_shadow_blur":5,"variant_pills_border_thickness":1,"variant_pills_border_opacity":55,"variant_pills_radius":40,"variant_pills_shadow_opacity":0,"variant_pills_shadow_horizontal_offset":0,"variant_pills_shadow_vertical_offset":4,"variant_pills_shadow_blur":5,"inputs_border_thickness":1,"inputs_border_opacity":55,"inputs_radius":0,"inputs_shadow_opacity":0,"inputs_shadow_horizontal_offset":0,"inputs_shadow_vertical_offset":4,"inputs_shadow_blur":5,"card_style":"standard","card_image_padding":0,"card_text_alignment":"left","card_color_scheme":"background-2","card_border_thickness":0,"card_border_opacity":10,"card_corner_radius":0,"card_shadow_opacity":0,"card_shadow_horizontal_offset":0,"card_shadow_vertical_offset":4,"card_shadow_blur":5,"collection_card_style":"standard","collection_card_image_padding":0,"collection_card_text_alignment":"left","collection_card_color_scheme":"background-2","collection_card_border_thickness":0,"collection_card_border_opacity":10,"collection_card_corner_radius":0,"collection_card_shadow_opacity":0,"collection_card_shadow_horizontal_offset":0,"collection_card_shadow_vertical_offset":4,"collection_card_shadow_blur":5,"blog_card_style":"standard","blog_card_image_padding":0,"blog_card_text_alignment":"left","blog_card_color_scheme":"background-2","blog_card_border_thickness":0,"blog_card_border_opacity":10,"blog_card_corner_radius":0,"blog_card_shadow_opacity":0,"blog_card_shadow_horizontal_offset":0,"blog_card_shadow_vertical_offset":4,"blog_card_shadow_blur":5,"text_boxes_border_thickness":0,"text_boxes_border_opacity":10,"text_boxes_radius":0,"text_boxes_shadow_opacity":0,"text_boxes_shadow_horizontal_offset":0,"text_boxes_shadow_vertical_offset":4,"text_boxes_shadow_blur":5,"media_border_thickness":1,"media_border_opacity":5,"media_radius":0,"media_shadow_opacity":0,"media_shadow_horizontal_offset":0,"media_shadow_vertical_offset":4,"media_shadow_blur":5,"popup_border_thickness":1,"popup_border_opacity":10,"popup_corner_radius":0,"popup_shadow_opacity":5,"popup_shadow_horizontal_offset":0,"popup_shadow_vertical_offset":4,"popup_shadow_blur":5,"drawer_border_thickness":1,"drawer_border_opacity":10,"drawer_shadow_opacity":0,"drawer_shadow_horizontal_offset":0,"drawer_shadow_vertical_offset":4,"drawer_shadow_blur":5,"badge_position":"bottom left","badge_corner_radius":40,"sale_badge_color_scheme":"accent-2","sold_out_badge_color_scheme":"inverse","brand_headline":"","brand_description":"<p><\/p>","brand_image_width":100,"social_twitter_link":"","social_facebook_link":"","social_pinterest_link":"","social_instagram_link":"","social_tiktok_link":"","social_tumblr_link":"","social_snapchat_link":"","social_youtube_link":"","social_vimeo_link":"","predictive_search_enabled":true,"predictive_search_show_vendor":false,"predictive_search_show_price":false,"currency_code_enabled":true,"cart_type":"notification","show_vendor":false,"show_cart_note":false,"cart_drawer_collection":"","cart_color_scheme":"background-1","sections":{"main-password-header":{"type":"main-password-header","settings":{"color_scheme":"background-1"}},"main-password-footer":{"type":"main-password-footer","settings":{"color_scheme":"background-1"}}}}},"platform_customizations":{"custom_css":["body,html {width: 100vw; overflow-x: hidden !important; overscroll-behavior-x: none;}","ul,li,p {font-family: \"HelveticaNowDisplay-Regular\";}",".section-template--22110823448888__main-padding {padding-top: 0; padding-bottom: 0;}",".celwidget .feature {border: none; padding: 0;}",".global-media-settings {border: none;}",".cart-count-bubble span {color: white;}","@media screen and (min-width: 750px) {.section-template--22110296506680__main-padding {padding-top: 0; padding-bottom: 0; }}"]}}